ID,Description,GeneRatio,BgRatio,RichFactor,FoldEnrichment,zScore,pvalue,p.adjust,qvalue,geneID,Count
R-HSA-2299718,Condensation of Prophase Chromosomes,33/1293,71/9301,0.464788732394366,3.34338747099768,7.96436457446819,3.20758820026624e-11,4.7793064183967e-08,4.7793064183967e-08,H2BC15/H2BC10/H2BC9/H4C11/H2BC17/H2BC26/H2BC13/H2AC14/H3C7/H2BC14/H2AC19/H4C9/H3C8/CDK1/H4C12/H4C14/H4C15/CCNB1/RB1/H3C11/H2BC11/H3C2/H2AX/H2BC8/H2AC8/H2AC18/H2BC6/PLK1/NCAPG2/SMC4/SMC2/H2BC7/H3C12,33
R-HSA-9616222,Transcriptional regulation of granulopoiesis,35/1293,85/9301,0.411764705882353,2.96196715345071,7.30144245258233,5.18437899538027e-10,3.8623623515583e-07,3.8623623515583e-07,H2BC15/H2BC10/H2BC9/H4C11/H2BC17/H2BC26/H2BC13/CDK4/H2AC14/CDK2/MYB/H3C7/H2BC14/H2AC19/H4C9/H3C8/IL6R/E2F1/H4C12/CDKN1A/H4C14/H4C15/RXRA/H3C11/H2BC11/H3C2/H2AX/H2BC8/H2AC8/H2AC18/H2BC6/LEF1/MYC/H2BC7/H3C12,35
R-HSA-397014,Muscle contraction,50/1293,151/9301,0.33112582781457,2.38190357656869,6.87914354672483,1.16317704761983e-09,5.77711266984516e-07,5.77711266984516e-07,RYR1/LMOD1/TMOD1/MYLK/KCNIP3/SCN4A/CAMK2G/DMPK/KAT2B/CAMK2D/CAMK2B/TLN1/TNNT2/CORIN/CAMK2A/ITPR1/TNNI2/ATP1A2/CACNA1C/NOS1/CASQ2/RYR2/DMD/PDE5A/MYH11/MYH3/RYR3/TNNT3/PLN/ATP2A3/SRI/ACTG2/KCND3/TNNI3/CALM1/FXYD1/DES/SCN4B/SCN9A/STIM1/KCNQ1/VCL/TPM1/SCN7A/CACNB1/ACTA1/KCNA5/SORBS1/SLC8A1/CACNB2,50
R-HSA-606279,Deposition of new CENPA-containing nucleosomes at the centromere,30/1293,71/9301,0.422535211267606,3.03944315545244,6.93136283263122,4.3004943501059e-09,1.0333457888842e-06,1.0333457888842e-06,CENPH/CENPN/H2BC15/H2BC10/H2BC9/H4C11/CENPI/CENPA/H2BC17/H2BC26/H2BC13/H2AC14/CENPW/H2BC14/H2AC19/H4C9/H4C12/H4C14/HJURP/H4C15/H2BC11/H2AX/H2BC8/NPM1/CENPK/H2AC8/H2AC18/H2BC6/KNL1/H2BC7,30
R-HSA-774815,Nucleosome assembly,30/1293,71/9301,0.422535211267606,3.03944315545244,6.93136283263122,4.3004943501059e-09,1.0333457888842e-06,1.0333457888842e-06,CENPH/CENPN/H2BC15/H2BC10/H2BC9/H4C11/CENPI/CENPA/H2BC17/H2BC26/H2BC13/H2AC14/CENPW/H2BC14/H2AC19/H4C9/H4C12/H4C14/HJURP/H4C15/H2BC11/H2AX/H2BC8/NPM1/CENPK/H2AC8/H2AC18/H2BC6/KNL1/H2BC7,30
R-HSA-912446,Meiotic recombination,33/1293,83/9301,0.397590361445783,2.86000614988958,6.83933346212911,4.70467393760843e-09,1.0333457888842e-06,1.0333457888842e-06,H2BC15/BLM/H2BC10/H2BC9/H4C11/H2BC17/H2BC26/H2BC13/CDK4/H2AC14/CDK2/H3C7/MND1/H2BC14/H2AC19/H4C9/H3C8/BRCA2/H4C12/H4C14/H4C15/FIRRM/H3C11/H2BC11/FIGNL1/H3C2/H2AX/H2BC8/H2AC8/H2AC18/H2BC6/H2BC7/H3C12,33
R-HSA-9940465,ChAHP complex assembly,27/1293,60/9301,0.45,3.23700696055684,6.98493195930002,4.85464464576468e-09,1.0333457888842e-06,1.0333457888842e-06,H2BC15/H2BC10/H2BC9/H4C11/CBX3/H2BC17/H2BC26/H2BC13/H2AC14/H3C7/H2BC14/H2AC19/H4C9/H3C8/H4C12/H4C14/H4C15/H3C11/H2BC11/H3C2/H2AX/H2BC8/H2AC8/H2AC18/H2BC6/H2BC7/H3C12,27
R-HSA-5250924,B-WICH complex positively regulates rRNA expression,34/1293,88/9301,0.386363636363636,2.7792484004781,6.73838916018006,6.60523927166808e-09,1.07288873919951e-06,1.07288873919951e-06,KAT2A/H2BC15/H2BC10/H2BC9/H4C11/DDX21/TAF1D/H2BC17/H2BC26/H2BC13/KAT2B/H2AC14/POLR1C/H3C7/H2BC14/H2AC19/H4C9/H3C8/H4C12/H4C14/H4C15/POLR1B/H3C11/H2BC11/H3C2/H2AX/H2BC8/H2AC8/H2AC18/H2BC6/MYO1C/POLR1D/H2BC7/H3C12,34
R-HSA-1500620,Meiosis,39/1293,109/9301,0.357798165137615,2.57376700227761,6.64090672940431,6.79456369752108e-09,1.07288873919951e-06,1.07288873919951e-06,H2BC15/BLM/SYCP2/H2BC10/H2BC9/SYNE1/H4C11/H2BC17/H2BC26/H2BC13/CDK4/H2AC14/CDK2/H3C7/MND1/H2BC14/H2AC19/H4C9/SUN2/ATR/H3C8/BRCA2/H4C12/H4C14/H4C15/HSPA2/FIRRM/H3C11/H2BC11/FIGNL1/H3C2/H2AX/H2BC8/LMNB1/H2AC8/H2AC18/H2BC6/H2BC7/H3C12,39
R-HSA-5334118,DNA methylation,27/1293,61/9301,0.442622950819672,3.18394127267886,6.87620145895126,7.56808842792164e-09,1.07288873919951e-06,1.07288873919951e-06,H2BC15/H2BC10/H2BC9/H4C11/H2BC17/H2BC26/H2BC13/H2AC14/H3C7/H2BC14/H2AC19/H4C9/H3C8/H4C12/H4C14/H4C15/H3C11/H2BC11/H3C2/H2AX/H2BC8/H2AC8/H2AC18/H2BC6/UHRF1/H2BC7/H3C12,27
R-HSA-9764560,Regulation of CDH1 Gene Transcription,37/1293,101/9301,0.366336633663366,2.63518718461173,6.63915720953978,7.92065512160715e-09,1.07288873919951e-06,1.07288873919951e-06,ZEB2/FOXP2/H2BC15/H2BC10/H2BC9/ZEB1/H4C11/TGIF2/KLF9/KLF4/H2BC17/H2BC26/H2BC13/H2AC14/TWIST2/H3C7/H2BC14/H2AC19/H4C9/H3C8/H4C12/H4C14/H4C15/RB1/H3C11/FOXA2/H2BC11/EZH2/H3C2/H2AX/H2BC8/FOXQ1/H2AC8/H2AC18/H2BC6/H2BC7/H3C12,37
R-HSA-69620,Cell Cycle Checkpoints,76/1293,289/9301,0.262975778546713,1.89167650136348,6.18763027936942,1.14546686695088e-08,1.2398161263697e-06,1.2398161263697e-06,CENPH/CENPN/H2BC15/MCM7/BLM/AURKB/H2BC10/H2BC9/SGO1/H4C11/CENPI/CCNB2/CLSPN/CENPA/MAD2L1/H2BC17/BUB1B/H2BC26/CDC6/H2BC13/KIF18A/BUB1/CDK2/CDC20/MCM10/EXO1/CDC7/CHEK1/DYNC1I1/CDCA8/H2BC14/KIF2C/MCM4/RFC4/H4C9/CENPF/DBF4/UBE2C/ATR/UBE2S/ORC6/CDK1/H4C12/CDKN1A/RFC3/BRIP1/H4C14/H4C15/CENPE/CCNB1/KNTC1/H2BC11/MCM2/SGO2/ERCC6L/H2AX/SPC24/H2BC8/ORC1/CENPK/SPDL1/CDC45/H2BC6/PLK1/PSMA7/KNL1/ZWINT/NUF2/SKA1/SPC25/PPP2CB/GTSE1/PKMYT1/BIRC5/CCNA2/H2BC7,76
R-HSA-9909649,Regulation of PD-L1(CD274) transcription,36/1293,98/9301,0.36734693877551,2.64245466167906,6.56780759313296,1.15838128987341e-08,1.2398161263697e-06,1.2398161263697e-06,H2BC15/H2BC10/H2BC9/H4C11/TCF7/H2BC17/H2BC26/H2BC13/FOS/H2AC14/H3C7/TCF7L1/H2BC14/H2AC19/H4C9/H3C8/ATF3/H4C12/H4C14/H4C15/H3C11/H2BC11/EZH2/H3C2/H2AX/H2BC8/H2AC8/H2AC18/H2BC6/FOSB/LEF1/MYC/JUND/EPAS1/H2BC7/H3C12,36
R-HSA-5625886,Activated PKN1 stimulates transcription of AR (androgen receptor) regulated genes KLK2 and KLK3,27/1293,62/9301,0.435483870967742,3.13258738118404,6.76969185490905,1.16492790397153e-08,1.2398161263697e-06,1.2398161263697e-06,H2BC15/H2BC10/H2BC9/H4C11/H2BC17/H2BC26/H2BC13/H2AC14/H3C7/H2BC14/H2AC19/H4C9/H3C8/H4C12/H4C14/H4C15/H3C11/H2BC11/H3C2/H2AX/H2BC8/AR/H2AC8/H2AC18/H2BC6/H2BC7/H3C12,27
R-HSA-68616,Assembly of the ORC complex at the origin of replication,28/1293,66/9301,0.424242424242424,3.05172373385831,6.72126633021044,1.26713093010192e-08,1.25868339056791e-06,1.25868339056791e-06,H2BC15/H2BC10/H2BC9/H4C11/H2BC17/H2BC26/H2BC13/H2AC14/H3C7/H2BC14/H2AC19/H4C9/H3C8/ORC6/H4C12/H4C14/H4C15/H3C11/H2BC11/H3C2/H2AX/H2BC8/ORC1/H2AC8/H2AC18/H2BC6/H2BC7/H3C12,28
R-HSA-2559582,Senescence-Associated Secretory Phenotype (SASP),38/1293,108/9301,0.351851851851852,2.53099309673169,6.4303584793555,1.79812101848192e-08,1.67450019846129e-06,1.67450019846129e-06,H2BC15/H2BC10/H2BC9/H4C11/IL1A/H2BC17/H2BC26/H2BC13/FOS/CDK4/H2AC14/MAPK7/CDK2/CDKN2B/VENTX/H3C7/CXCL8/H2BC14/H2AC19/H4C9/UBE2C/UBE2S/H3C8/H4C12/CDKN1A/H4C14/H4C15/H3C11/H2BC11/H3C2/H2AX/H2BC8/H2AC8/H2AC18/H2BC6/CCNA2/H2BC7/H3C12,38
R-HSA-73728,RNA Polymerase I Promoter Opening,26/1293,60/9301,0.433333333333333,3.11711781386955,6.61058465192249,2.46454370616385e-08,2.16010007187302e-06,2.16010007187302e-06,H2BC15/H2BC10/H2BC9/H4C11/H2BC17/H2BC26/H2BC13/H2AC14/H3C7/H2BC14/H2AC19/H4C9/H3C8/H4C12/H4C14/H4C15/H3C11/H2BC11/H3C2/H2AX/H2BC8/H2AC8/H2AC18/H2BC6/H2BC7/H3C12,26
R-HSA-427359,SIRT1 negatively regulates rRNA expression,27/1293,65/9301,0.415384615384615,2.98800642512939,6.46265845288284,3.95806622283315e-08,3.10395719580073e-06,3.10395719580073e-06,H2BC15/H2BC10/H2BC9/H4C11/TAF1D/H2BC17/H2BC26/H2BC13/H2AC14/H3C7/H2BC14/H2AC19/H4C9/H3C8/H4C12/H4C14/H4C15/H3C11/H2BC11/H3C2/H2AX/H2BC8/H2AC8/H2AC18/H2BC6/H2BC7/H3C12,27
R-HSA-9970672,FXIIa activates plasma kallikrein-kinin system,27/1293,65/9301,0.415384615384615,2.98800642512939,6.46265845288284,3.95806622283315e-08,3.10395719580073e-06,3.10395719580073e-06,H2BC15/H2BC10/H2BC9/H4C11/H2BC17/H2BC26/H2BC13/H2AC14/H3C7/H2BC14/H2AC19/H4C9/H3C8/H4C12/A2M/H4C14/H4C15/H3C11/H2BC11/H3C2/H2AX/H2BC8/H2AC8/H2AC18/H2BC6/H2BC7/H3C12,27
R-HSA-9821002,Chromatin modifications during the maternal to zygotic transition (MZT),27/1293,66/9301,0.409090909090909,2.94273360050622,6.36422424821097,5.82102142549329e-08,4.19802249640835e-06,4.19802249640835e-06,H2BC15/H2BC10/H2BC9/H4C11/H2BC17/H2BC26/H2BC13/H2AC14/H3C7/H2BC14/H2AC19/H4C9/H3C8/H4C12/H4C14/H4C15/H3C11/H2BC11/H3C2/H2AX/H2BC8/H2AC8/H2AC18/H2BC6/UHRF1/H2BC7/H3C12,27
R-HSA-9710421,Defective pyroptosis,28/1293,70/9301,0.4,2.87733952049497,6.33499347252059,5.91667600164935e-08,4.19802249640835e-06,4.19802249640835e-06,H2BC15/H2BC10/H2BC9/POLA1/H4C11/H2BC17/H2BC26/H2BC13/H2AC14/H3C7/H2BC14/H2AC19/H4C9/H3C8/H4C12/H4C14/H4C15/H3C11/H2BC11/EZH2/H3C2/H2AX/H2BC8/H2AC8/H2AC18/H2BC6/H2BC7/H3C12,28
R-HSA-69306,DNA Replication,52/1293,181/9301,0.287292817679558,2.06659744565937,5.8226557197147,1.2046863156855e-07,7.82016645676877e-06,7.82016645676877e-06,RPA4/H2BC15/MCM7/H2BC10/H2BC9/GINS2/POLA1/SKP2/H4C11/H2BC17/H2BC26/CDC6/H2BC13/H2AC14/CDK2/MCM10/CDC7/LIG1/H3C7/H2BC14/H2AC19/MCM4/RFC4/H4C9/DBF4/UBE2C/UBE2S/H3C8/ORC6/H4C12/RFC3/H4C14/H4C15/H3C11/H2BC11/MCM2/H3C2/H2AX/H2BC8/ORC1/H2AC8/H2AC18/CDT1/CDC45/H2BC6/PSMA7/PCNA/GINS3/GINS1/CCNA2/H2BC7/H3C12,52
R-HSA-212300,PRC2 methylates histones and DNA,28/1293,72/9301,0.388888888888889,2.79741342270345,6.15198985037466,1.20713978862874e-07,7.82016645676877e-06,7.82016645676877e-06,H2BC15/H2BC10/H2BC9/H4C11/H2BC17/H2BC26/H2BC13/H2AC14/H3C7/H2BC14/H2AC19/H4C9/H3C8/H4C12/H4C14/H4C15/H3C11/H2BC11/EZH2/H3C2/H2AX/H2BC8/H2AC8/H2AC18/EPOP/H2BC6/H2BC7/H3C12,28
R-HSA-5576891,Cardiac conduction,33/1293,94/9301,0.351063829787234,2.52532457915782,5.97235793942679,1.64813470656617e-07,9.98986837780815e-06,9.98986837780815e-06,RYR1/KCNIP3/SCN4A/CAMK2G/DMPK/KAT2B/CAMK2D/CAMK2B/CORIN/CAMK2A/ITPR1/ATP1A2/CACNA1C/NOS1/CASQ2/RYR2/RYR3/PLN/ATP2A3/SRI/KCND3/TNNI3/CALM1/FXYD1/SCN4B/SCN9A/STIM1/KCNQ1/SCN7A/CACNB1/KCNA5/SLC8A1/CACNB2,33
R-HSA-1474165,Reproduction,41/1293,130/9301,0.315384615384615,2.26867154500565,5.85317128203837,1.67615241238392e-07,9.98986837780815e-06,9.98986837780815e-06,H2BC15/BLM/SYCP2/H2BC10/H2BC9/SYNE1/H4C11/H2BC17/H2BC26/H2BC13/CDK4/H2AC14/CDK2/ZP3/H3C7/MND1/H2BC14/H2AC19/H4C9/SUN2/ATR/H3C8/BRCA2/H4C12/H4C14/H4C15/HSPA2/FIRRM/H3C11/H2BC11/FIGNL1/H3C2/H2AX/H2BC8/LMNB1/H2AC8/H2AC18/OVGP1/H2BC6/H2BC7/H3C12,41
R-HSA-5250913,Positive epigenetic regulation of rRNA expression,35/1293,103/9301,0.339805825242718,2.44434182566321,5.92271182379565,1.76221737095141e-07,1.00988610873754e-05,1.00988610873754e-05,KAT2A/H2BC15/H2BC10/H2BC9/H4C11/DDX21/TAF1D/CBX3/H2BC17/H2BC26/H2BC13/KAT2B/H2AC14/POLR1C/H3C7/H2BC14/H2AC19/H4C9/H3C8/H4C12/H4C14/H4C15/POLR1B/H3C11/H2BC11/H3C2/H2AX/H2BC8/H2AC8/H2AC18/H2BC6/MYO1C/POLR1D/H2BC7/H3C12,35
R-HSA-9943962,"CHD6, CHD7, CHD8, CHD9 subfamily",28/1293,74/9301,0.378378378378378,2.72180765452227,5.97515173309232,2.37902911843117e-07,1.26774159222261e-05,1.26774159222261e-05,H2BC15/H2BC10/H2BC9/H4C11/H2BC17/H2BC26/H2BC13/H2AC14/NKD2/H3C7/H2BC14/H2AC19/H4C9/H3C8/H4C12/H4C14/H4C15/H3C11/H2BC11/H3C2/H2AX/H2BC8/H2AC8/H2AC18/H2BC6/AXIN2/H2BC7/H3C12,28
R-HSA-9764725,Negative Regulation of CDH1 Gene Transcription,32/1293,91/9301,0.351648351648352,2.52952924878679,5.89152021053692,2.42312580526979e-07,1.26774159222261e-05,1.26774159222261e-05,ZEB2/H2BC15/H2BC10/H2BC9/ZEB1/H4C11/TGIF2/H2BC17/H2BC26/H2BC13/H2AC14/TWIST2/H3C7/H2BC14/H2AC19/H4C9/H3C8/H4C12/H4C14/H4C15/H3C11/H2BC11/EZH2/H3C2/H2AX/H2BC8/FOXQ1/H2AC8/H2AC18/H2BC6/H2BC7/H3C12,32
R-HSA-1221632,Meiotic synapsis,27/1293,70/9301,0.385714285714286,2.77457739476301,5.98822753666969,2.46741652177554e-07,1.26774159222261e-05,1.26774159222261e-05,H2BC15/SYCP2/H2BC10/H2BC9/SYNE1/H4C11/H2BC17/H2BC26/H2BC13/H2AC14/H2BC14/H2AC19/H4C9/SUN2/ATR/H4C12/H4C14/H4C15/HSPA2/H2BC11/H2AX/H2BC8/LMNB1/H2AC8/H2AC18/H2BC6/H2BC7,27
R-HSA-73886,Chromosome Maintenance,42/1293,137/9301,0.306569343065693,2.20526021643775,5.71054120116934,2.85767197722666e-07,1.41931041535591e-05,1.41931041535591e-05,CENPH/CENPN/H2BC15/BLM/H2BC10/H2BC9/POLA1/H4C11/CENPI/CENPA/H2BC17/H2BC26/H2BC13/DSCC1/H2AC14/CDK2/LIG1/CENPW/H2BC14/H2AC19/RFC4/H4C9/DKC1/H4C12/RFC3/H4C14/HJURP/H4C15/H2BC11/H2AX/H2BC8/NPM1/CENPK/H2AC8/H2AC18/H2BC6/KNL1/PCNA/CHTF18/RTEL1/CCNA2/H2BC7,42
R-HSA-418594,G alpha (i) signalling events,58/1293,216/9301,0.268518518518519,1.93154736329524,5.56606219935972,2.9738022340784e-07,1.42934365444413e-05,1.42934365444413e-05,GPR37L1/LPAR1/CHRM4/CCL13/GNG2/HTR1D/CCL20/ADCY9/CXCL12/KPNA2/BDKRB2/CAMK2G/CXCL5/GNG7/PRKAR2B/CXCL9/CAMK2D/CAMK2B/PMCH/CAMK2A/ITPR1/TAS2R46/GPSM2/ADCY5/NPY1R/CXCL8/NMU/GPER1/GNAL/P2RY14/CCL23/PYY/OXGR1/PLCB4/GNA14/AGT/CXCL6/PRKACB/SST/GNA11/GRM8/CALM1/RGS9/CCL4L2/GNG4/CXCL10/GNAI1/CNR1/CXCL11/PDE4D/GNAZ/SSTR2/GNAQ/PPP2CB/PTGDR2/ADCY6/CXCL1/GPR17,58
R-HSA-3214815,HDACs deacetylate histones,32/1293,92/9301,0.347826086956522,2.5020343656478,5.81763206418313,3.2276799340913e-07,1.50288846931126e-05,1.50288846931126e-05,H2AC16/H2BC15/H2BC10/H2BC9/H4C11/H2BC17/H2BC26/H2BC13/H2AC25/H2AC14/H2AC15/H3C7/H2BC14/H2AC19/H4C9/H2AC11/H3C8/H4C12/H4C14/H4C15/H3C11/H2BC11/H2AC17/H3C2/H2BC8/H2AC12/H2AC8/H2AC18/H2BC6/H2AC13/H2BC7/H3C12,32
R-HSA-73772,RNA Polymerase I Promoter Escape,31/1293,88/9301,0.352272727272727,2.53402060043591,5.80965973199283,3.5623859463019e-07,1.60847123029995e-05,1.60847123029995e-05,H2BC15/H2BC10/H2BC9/H4C11/TAF1D/CBX3/H2BC17/H2BC26/H2BC13/H2AC14/POLR1C/H3C7/H2BC14/H2AC19/H4C9/H3C8/H4C12/H4C14/H4C15/POLR1B/H3C11/H2BC11/H3C2/H2AX/H2BC8/H2AC8/H2AC18/H2BC6/POLR1D/H2BC7/H3C12,31
R-HSA-9821993,Replacement of protamines by nucleosomes in the male pronucleus,18/1293,37/9301,0.486486486486487,3.49946698438578,6.12107495762907,4.28235267203947e-07,1.87667808274671e-05,1.87667808274671e-05,H2BC15/H2BC10/H2BC9/H4C11/H2BC17/H2BC26/H2BC13/H2BC14/H4C9/H4C12/H4C14/H4C15/H2BC11/H2AX/H2BC8/H2BC6/SRPK1/H2BC7,18
R-HSA-2559586,DNA Damage/Telomere Stress Induced Senescence,28/1293,76/9301,0.368421052631579,2.650181137298,5.80408724170349,4.53986691736179e-07,1.93268620196259e-05,1.93268620196259e-05,H2BC15/H2BC10/H2BC9/H4C11/H2BC17/H2BC26/H2BC13/H2AC14/CDK2/H2BC14/H2AC19/H4C9/H1-5/H4C12/CDKN1A/HMGA1/H4C14/H4C15/RB1/H2BC11/H2AX/H2BC8/LMNB1/H2AC8/H2AC18/H2BC6/CCNA2/H2BC7,28
R-HSA-9843970,Regulation of endogenous retroelements by the Human Silencing Hub (HUSH) complex,26/1293,68/9301,0.382352941176471,2.75039807106137,5.82101299899074,5.02924318395591e-07,2.08154787335953e-05,2.08154787335953e-05,H2BC15/H2BC10/H2BC9/H4C11/H2BC17/H2BC26/H2BC13/H2AC14/H3C7/H2BC14/H2AC19/H4C9/H3C8/H4C12/H4C14/H4C15/H3C11/H2BC11/H3C2/H2AX/H2BC8/H2AC8/H2AC18/H2BC6/H2BC7/H3C12,26
R-HSA-201722,Formation of the beta-catenin:TCF transactivating complex,31/1293,90/9301,0.344444444444444,2.47770903153734,5.66024846650383,6.29450223189759e-07,2.53481306095335e-05,2.53481306095335e-05,H2BC15/H2BC10/H2BC9/H4C11/TCF7/H2BC17/H2BC26/H2BC13/H2AC14/H3C7/TCF7L1/H2BC14/H2AC19/H4C9/H3C8/H4C12/H4C14/H4C15/H3C11/H2BC11/H3C2/H2AX/H2BC8/H2AC8/H2AC18/H2BC6/LEF1/AXIN2/MYC/H2BC7/H3C12,31
R-HSA-427389,ERCC6 (CSB) and EHMT2 (G9a) positively regulate rRNA expression,27/1293,73/9301,0.36986301369863,2.6605536662111,5.72320440963768,6.63862722589628e-07,2.60304067541722e-05,2.60304067541722e-05,H2BC15/H2BC10/H2BC9/H4C11/CBX3/H2BC17/H2BC26/H2BC13/H2AC14/H3C7/H2BC14/H2AC19/H4C9/H3C8/H4C12/H4C14/H4C15/H3C11/H2BC11/H3C2/H2AX/H2BC8/H2AC8/H2AC18/H2BC6/H2BC7/H3C12,27
R-HSA-171306,Packaging Of Telomere Ends,21/1293,49/9301,0.428571428571429,3.0828637719589,5.87380870619427,6.85292205385449e-07,2.61816765647261e-05,2.61816765647261e-05,H2BC15/H2BC10/H2BC9/H4C11/H2BC17/H2BC26/H2BC13/H2AC14/H2BC14/H2AC19/H4C9/H4C12/H4C14/H4C15/H2BC11/H2AX/H2BC8/H2AC8/H2AC18/H2BC6/H2BC7,21
R-HSA-69002,DNA Replication Pre-Initiation,43/1293,147/9301,0.292517006802721,2.10417686022592,5.42213790853189,8.68424372726979e-07,3.234880788408e-05,3.234880788408e-05,RPA4/H2BC15/MCM7/H2BC10/H2BC9/POLA1/H4C11/H2BC17/H2BC26/CDC6/H2BC13/H2AC14/CDK2/MCM10/CDC7/H3C7/H2BC14/H2AC19/MCM4/H4C9/DBF4/UBE2C/UBE2S/H3C8/ORC6/H4C12/H4C14/H4C15/H3C11/H2BC11/MCM2/H3C2/H2AX/H2BC8/ORC1/H2AC8/H2AC18/CDT1/CDC45/H2BC6/PSMA7/H2BC7/H3C12,43
R-HSA-5578749,Transcriptional regulation by small RNAs,27/1293,74/9301,0.364864864864865,2.62460023828933,5.63781494634489,9.08563039401447e-07,3.30185104562965e-05,3.30185104562965e-05,H2BC15/H2BC10/H2BC9/RAN/H4C11/H2BC17/H2BC26/H2BC13/H2AC14/H3C7/H2BC14/H2AC19/H4C9/H3C8/H4C12/H4C14/H4C15/H3C11/H2BC11/H3C2/H2AX/H2BC8/H2AC8/H2AC18/H2BC6/H2BC7/H3C12,27
R-HSA-5578775,Ion homeostasis,20/1293,46/9301,0.434782608695652,3.12754295705975,5.81229630962353,9.5534105296078e-07,3.3891861164561e-05,3.3891861164561e-05,RYR1/CAMK2G/DMPK/CAMK2D/CAMK2B/CAMK2A/ITPR1/ATP1A2/NOS1/CASQ2/RYR2/RYR3/PLN/ATP2A3/SRI/TNNI3/CALM1/FXYD1/STIM1/SLC8A1,20
R-HSA-372790,Signaling by GPCR,103/1293,474/9301,0.217299578059072,1.56311165934062,5.05656776327368,1.26228770719026e-06,4.37397368305461e-05,4.37397368305461e-05,GNA13/GPR37L1/PTGDR/ARHGEF26/LPAR1/EDNRA/CHRM4/CCL13/GNG2/HTR1D/CCL20/ADCY9/CXCL12/KPNA2/BDKRB2/CAMK2G/CXCL5/GNG7/MMP3/PRKAR2B/CXCL9/CAMK2D/ADCYAP1R1/MAPK7/GPR143/CCL11/CAMK2B/WNT3/TACR2/PMCH/CAMK2A/ADRB1/ITPR1/TAS2R46/GPSM2/DGKG/MGLL/ADCY5/NPY1R/CXCL8/NMU/FFAR3/GPER1/GNAL/CCL3/P2RY14/CCL23/PYY/OXGR1/TACR1/PLCB4/ARHGEF25/PDE8A/GNA14/AGT/CCL3L3/CXCL6/PDE7B/PRKACB/SST/ARRB1/CCL22/EDN3/PDE3A/ACKR2/GNA11/WNT9A/P2RY1/GRM8/DRD5/ACKR1/CALM1/ECT2/RGS9/CCL4L2/GNG4/MC1R/PDE2A/ECE1/CXCL10/ARHGEF19/GNAI1/CNR1/CXCL11/ARHGEF37/PDE4D/SHH/PRKCB/GNAZ/SSTR2/GNAQ/FZD10/PPP2CB/PTGER4/PTGDR2/ADCY6/CXCL1/VIPR1/GCG/GPR17/VIP/GLP2R/FFAR4,103
R-HSA-211859,Biological oxidations,46/1293,167/9301,0.275449101796407,1.98140146620911,5.14224943223835,2.33809993449142e-06,7.91765659634595e-05,7.91765659634595e-05,ARNT2/CES3/MAOB/GGCT/HPGDS/UGP2/AHCY/ADH1B/NR1H4/UGT2B15/SULT1B1/PTGS1/ADH1A/UGT1A5/MAT1A/CYP26B1/CES2/CYP39A1/SULT1C2/CYP24A1/CYP4F12/CYB5R3/CYP27B1/MAOA/SMOX/UGT1A8/GSTM5/UGT1A1/CYP21A2/RXRA/CMBL/CYP19A1/CYP2B6/UGT1A3/DPEP1/MTARC2/GGT6/UGT2B17/CYP2S1/SULT1A2/SULT2B1/UGT1A4/ADH1C/UGDH/CYP4F3/UGT1A10,46
R-HSA-1912422,Pre-NOTCH Expression and Processing,34/1293,109/9301,0.311926605504587,2.24379687378048,5.24851456228703,2.48098533224181e-06,8.11158383709905e-05,8.11158383709905e-05,KAT2A/H2BC15/H2BC10/H2BC9/H4C11/H2BC17/H2BC26/H2BC13/POFUT1/KAT2B/H2AC14/H3C7/ST3GAL4/H2BC14/H2AC19/H4C9/H3C8/E2F1/H4C12/H4C14/H4C15/H3C11/ATP2A3/H2BC11/H3C2/H2AX/H2BC8/H2AC8/H2AC18/H2BC6/E2F3/LFNG/H2BC7/H3C12,34
R-HSA-500792,GPCR ligand binding,63/1293,256/9301,0.24609375,1.77023818155452,5.02133787174478,2.50424735910441e-06,8.11158383709905e-05,8.11158383709905e-05,GPR37L1/PTGDR/LPAR1/EDNRA/CHRM4/CCL13/GNG2/HTR1D/CCL20/CXCL12/BDKRB2/CXCL5/GNG7/CXCL9/ADCYAP1R1/GPR143/CCL11/WNT3/TACR2/PMCH/ADRB1/TAS2R46/NPY1R/CXCL8/NMU/FFAR3/GPER1/CCL3/P2RY14/CCL23/PYY/OXGR1/TACR1/AGT/CCL3L3/CXCL6/SST/CCL22/EDN3/ACKR2/WNT9A/P2RY1/GRM8/DRD5/ACKR1/GNG4/MC1R/ECE1/CXCL10/CNR1/CXCL11/SHH/SSTR2/FZD10/PTGER4/PTGDR2/CXCL1/VIPR1/GCG/GPR17/VIP/GLP2R/FFAR4,63
R-HSA-9610379,HCMV Late Events,35/1293,114/9301,0.307017543859649,2.20848428108167,5.216572863045,2.66383198977047e-06,8.3372467638063e-05,8.3372467638063e-05,H2AC16/H2BC15/H2BC10/H2BC9/H4C11/H2BC17/H2BC26/H2BC13/H2AC25/H2AC14/H2AC15/H3C7/H2BC14/CHMP4C/H2AC19/H4C9/H2AC11/H3C8/H4C12/H4C14/H4C15/H3C11/H2BC11/RAE1/H2AC17/H3C2/H2BC8/H2AC12/H2AC8/H2AC18/H2BC6/NUP58/H2AC13/H2BC7/H3C12,35
R-HSA-373076,Class A/1 (Rhodopsin-like receptors),49/1293,183/9301,0.26775956284153,1.92608793038598,5.08401331776925,2.6858244608235e-06,8.3372467638063e-05,8.3372467638063e-05,GPR37L1/PTGDR/LPAR1/EDNRA/CHRM4/CCL13/HTR1D/CCL20/CXCL12/BDKRB2/CXCL5/CXCL9/GPR143/CCL11/TACR2/PMCH/ADRB1/NPY1R/CXCL8/NMU/FFAR3/GPER1/CCL3/P2RY14/CCL23/PYY/OXGR1/TACR1/AGT/CCL3L3/CXCL6/SST/CCL22/EDN3/ACKR2/P2RY1/DRD5/ACKR1/MC1R/ECE1/CXCL10/CNR1/CXCL11/SSTR2/PTGER4/PTGDR2/CXCL1/GPR17/FFAR4,49
R-HSA-375276,Peptide ligand-binding receptors,33/1293,105/9301,0.314285714285714,2.26076676610319,5.22045822703056,2.88910973083278e-06,8.78525203865478e-05,8.78525203865478e-05,GPR37L1/EDNRA/CCL13/CCL20/CXCL12/BDKRB2/CXCL5/CXCL9/CCL11/TACR2/PMCH/NPY1R/CXCL8/NMU/GPER1/CCL3/CCL23/PYY/TACR1/AGT/CCL3L3/CXCL6/SST/CCL22/EDN3/ACKR2/ACKR1/MC1R/ECE1/CXCL10/CXCL11/SSTR2/CXCL1,33
R-HSA-9940951,Interaction of NuRD complexes with transcription factors,29/1293,87/9301,0.333333333333333,2.39778293374581,5.26324953151051,3.07850750030013e-06,8.99684771316013e-05,8.99684771316013e-05,H2BC15/PCK1/H2BC10/H2BC9/H4C11/H2BC17/H2BC26/H2BC13/H2AC14/H3C7/H2BC14/H2AC19/H4C9/H3C8/H4C12/H4C14/H4C15/H3C11/PHF6/H2BC11/H3C2/H2AX/H2BC8/H2AC8/H2AC18/H2BC6/CHD5/H2BC7/H3C12,29
R-HSA-110330,Recognition and association of DNA glycosylase with site containing an affected purine,21/1293,53/9301,0.39622641509434,2.85019480803747,5.42762940506701,3.20022099864085e-06,8.99684771316013e-05,8.99684771316013e-05,H2BC15/H2BC10/H2BC9/H4C11/H2BC17/H2BC26/H2BC13/H2AC14/H2BC14/H2AC19/H4C9/H4C12/H4C14/H4C15/H2BC11/H2AX/H2BC8/H2AC8/H2AC18/H2BC6/H2BC7,21
R-HSA-110331,Cleavage of the damaged purine,21/1293,53/9301,0.39622641509434,2.85019480803747,5.42762940506701,3.20022099864085e-06,8.99684771316013e-05,8.99684771316013e-05,H2BC15/H2BC10/H2BC9/H4C11/H2BC17/H2BC26/H2BC13/H2AC14/H2BC14/H2AC19/H4C9/H4C12/H4C14/H4C15/H2BC11/H2AX/H2BC8/H2AC8/H2AC18/H2BC6/H2BC7,21
R-HSA-73927,Depurination,21/1293,53/9301,0.39622641509434,2.85019480803747,5.42762940506701,3.20022099864085e-06,8.99684771316013e-05,8.99684771316013e-05,H2BC15/H2BC10/H2BC9/H4C11/H2BC17/H2BC26/H2BC13/H2AC14/H2BC14/H2AC19/H4C9/H4C12/H4C14/H4C15/H2BC11/H2AX/H2BC8/H2AC8/H2AC18/H2BC6/H2BC7,21
R-HSA-68875,Mitotic Prophase,40/1293,139/9301,0.287769784172662,2.07002843201077,5.10724013795533,3.26479564364022e-06,9.00841760930357e-05,9.00841760930357e-05,H2BC15/H2BC10/H2BC9/H4C11/CCNB2/H2BC17/H2BC26/H2BC13/H2AC14/H3C7/H2BC14/H2AC19/H4C9/H3C8/CDK1/H4C12/H4C14/H4C15/CCNB1/RB1/H3C11/H2BC11/RAE1/H3C2/H2AX/H2BC8/LMNB1/H2AC8/H2AC18/H2BC6/NUP58/PLK1/NCAPG2/SMC4/TMPO/SMC2/PRKCB/PPP2CB/H2BC7/H3C12,40
R-HSA-69481,G2/M Checkpoints,43/1293,154/9301,0.279220779220779,2.00853245748837,5.07095322959199,3.37649559657598e-06,9.14723352526948e-05,9.14723352526948e-05,H2BC15/MCM7/BLM/H2BC10/H2BC9/H4C11/CCNB2/CLSPN/H2BC17/H2BC26/CDC6/H2BC13/CDK2/MCM10/EXO1/CDC7/CHEK1/H2BC14/MCM4/RFC4/H4C9/DBF4/ATR/ORC6/CDK1/H4C12/RFC3/BRIP1/H4C14/H4C15/CCNB1/H2BC11/MCM2/H2AX/H2BC8/ORC1/CDC45/H2BC6/PSMA7/GTSE1/PKMYT1/CCNA2/H2BC7,43
R-HSA-2559580,Oxidative Stress Induced Senescence,36/1293,121/9301,0.297520661157025,2.14016989127725,5.07247152038388,4.33763910252941e-06,0.000109376066839595,0.000109376066839595,MAPK10/H2BC15/H2BC10/H2BC9/CBX2/H4C11/H2BC17/H2BC26/H2BC13/FOS/CDK4/H2AC14/CDKN2B/H3C7/H2BC14/H2AC19/H4C9/H3C8/E2F1/H4C12/H4C14/H4C15/H3C11/H2BC11/EZH2/H3C2/H2AX/H2BC8/H2AC8/H2AC18/H2BC6/CBX8/CBX4/E2F3/H2BC7/H3C12,36
R-HSA-69273,Cyclin A/B1/B2 associated events during G2/M transition,15/1293,31/9301,0.483870967741936,3.48065264576005,5.55885877327937,4.3410460520525e-06,0.000109376066839595,0.000109376066839595,SGO1/BORA/CCNB2/CDK2/FOXM1/CDK1/HJURP/OBI1/CCNB1/CDC25B/TICRR/PLK1/PPP2CB/PKMYT1/CCNA2,15
R-HSA-110328,Recognition and association of DNA glycosylase with site containing an affected pyrimidine,22/1293,58/9301,0.379310344827586,2.72851161426247,5.30589347788645,4.40440537609108e-06,0.000109376066839595,0.000109376066839595,H2BC15/H2BC10/H2BC9/H4C11/H2BC17/H2BC26/H2BC13/H2AC14/H2BC14/H2AC19/H4C9/H4C12/H4C14/H4C15/H2BC11/H2AX/H2BC8/H2AC8/H2AC18/NTHL1/H2BC6/H2BC7,22
R-HSA-110329,Cleavage of the damaged pyrimidine,22/1293,58/9301,0.379310344827586,2.72851161426247,5.30589347788645,4.40440537609108e-06,0.000109376066839595,0.000109376066839595,H2BC15/H2BC10/H2BC9/H4C11/H2BC17/H2BC26/H2BC13/H2AC14/H2BC14/H2AC19/H4C9/H4C12/H4C14/H4C15/H2BC11/H2AX/H2BC8/H2AC8/H2AC18/NTHL1/H2BC6/H2BC7,22
R-HSA-73928,Depyrimidination,22/1293,58/9301,0.379310344827586,2.72851161426247,5.30589347788645,4.40440537609108e-06,0.000109376066839595,0.000109376066839595,H2BC15/H2BC10/H2BC9/H4C11/H2BC17/H2BC26/H2BC13/H2AC14/H2BC14/H2AC19/H4C9/H4C12/H4C14/H4C15/H2BC11/H2AX/H2BC8/H2AC8/H2AC18/NTHL1/H2BC6/H2BC7,22
R-HSA-1912408,Pre-NOTCH Transcription and Translation,30/1293,93/9301,0.32258064516129,2.32043509717337,5.14226652883935,4.4791042979509e-06,0.000109407629572899,0.000109407629572899,KAT2A/H2BC15/H2BC10/H2BC9/H4C11/H2BC17/H2BC26/H2BC13/KAT2B/H2AC14/H3C7/H2BC14/H2AC19/H4C9/H3C8/E2F1/H4C12/H4C14/H4C15/H3C11/H2BC11/H3C2/H2AX/H2BC8/H2AC8/H2AC18/H2BC6/E2F3/H2BC7/H3C12,30
R-HSA-73854,RNA Polymerase I Promoter Clearance,33/1293,107/9301,0.308411214953271,2.21850944337229,5.0938627949606,4.57912704102018e-06,0.000110046762760001,0.000110046762760001,KAT2A/H2BC15/H2BC10/H2BC9/H4C11/TAF1D/CBX3/H2BC17/H2BC26/H2BC13/KAT2B/H2AC14/POLR1C/H3C7/H2BC14/H2AC19/H4C9/H3C8/H4C12/H4C14/H4C15/POLR1B/H3C11/H2BC11/H3C2/H2AX/H2BC8/H2AC8/H2AC18/H2BC6/POLR1D/H2BC7/H3C12,33
R-HSA-5625740,RHO GTPases activate PKNs,29/1293,89/9301,0.325842696629214,2.34390017118973,5.11874803536921,5.14571135141103e-06,0.000121700157358769,0.000121700157358769,H2BC15/H2BC10/H2BC9/H4C11/H2BC17/H2BC26/H2BC13/H2AC14/PPP1R14A/H3C7/H2BC14/H2AC19/H4C9/H3C8/MYH11/H4C12/H4C14/H4C15/H3C11/H2BC11/H3C2/H2AX/H2BC8/AR/H2AC8/H2AC18/H2BC6/H2BC7/H3C12,29
R-HSA-388396,GPCR downstream signalling,92/1293,425/9301,0.216470588235294,1.55714844638552,4.72427800879596,5.61609942804813e-06,0.000130749814809245,0.000130749814809245,GNA13/GPR37L1/PTGDR/ARHGEF26/LPAR1/EDNRA/CHRM4/CCL13/GNG2/HTR1D/CCL20/ADCY9/CXCL12/KPNA2/BDKRB2/CAMK2G/CXCL5/GNG7/MMP3/PRKAR2B/CXCL9/CAMK2D/ADCYAP1R1/MAPK7/GPR143/CAMK2B/TACR2/PMCH/CAMK2A/ADRB1/ITPR1/TAS2R46/GPSM2/DGKG/MGLL/ADCY5/NPY1R/CXCL8/NMU/FFAR3/GPER1/GNAL/P2RY14/CCL23/PYY/OXGR1/TACR1/PLCB4/ARHGEF25/PDE8A/GNA14/AGT/CXCL6/PDE7B/PRKACB/SST/ARRB1/EDN3/PDE3A/GNA11/P2RY1/GRM8/DRD5/CALM1/ECT2/RGS9/CCL4L2/GNG4/MC1R/PDE2A/CXCL10/ARHGEF19/GNAI1/CNR1/CXCL11/ARHGEF37/PDE4D/PRKCB/GNAZ/SSTR2/GNAQ/PPP2CB/PTGER4/PTGDR2/ADCY6/CXCL1/VIPR1/GCG/GPR17/VIP/GLP2R/FFAR4,92
R-HSA-157579,Telomere Maintenance,33/1293,109/9301,0.302752293577982,2.17780284808106,4.97003612886357,7.13978141548106e-06,0.000156619432442156,0.000156619432442156,H2BC15/BLM/H2BC10/H2BC9/POLA1/H4C11/H2BC17/H2BC26/H2BC13/DSCC1/H2AC14/CDK2/LIG1/H2BC14/H2AC19/RFC4/H4C9/DKC1/H4C12/RFC3/H4C14/H4C15/H2BC11/H2AX/H2BC8/H2AC8/H2AC18/H2BC6/PCNA/CHTF18/RTEL1/CCNA2/H2BC7,33
R-HSA-73864,RNA Polymerase I Transcription,33/1293,109/9301,0.302752293577982,2.17780284808106,4.97003612886357,7.13978141548106e-06,0.000156619432442156,0.000156619432442156,KAT2A/H2BC15/H2BC10/H2BC9/H4C11/TAF1D/CBX3/H2BC17/H2BC26/H2BC13/KAT2B/H2AC14/POLR1C/H3C7/H2BC14/H2AC19/H4C9/H3C8/H4C12/H4C14/H4C15/POLR1B/H3C11/H2BC11/H3C2/H2AX/H2BC8/H2AC8/H2AC18/H2BC6/POLR1D/H2BC7/H3C12,33
R-HSA-141424,Amplification of signal from the kinetochores,30/1293,95/9301,0.315789473684211,2.27158383196972,5.0055294296888,7.26318898916825e-06,0.000156619432442156,0.000156619432442156,CENPH/CENPN/AURKB/SGO1/CENPI/CENPA/MAD2L1/BUB1B/KIF18A/BUB1/CDC20/DYNC1I1/CDCA8/KIF2C/CENPF/CENPE/KNTC1/SGO2/ERCC6L/SPC24/CENPK/SPDL1/PLK1/KNL1/ZWINT/NUF2/SKA1/SPC25/PPP2CB/BIRC5,30
R-HSA-141444,Amplification  of signal from unattached  kinetochores via a MAD2  inhibitory signal,30/1293,95/9301,0.315789473684211,2.27158383196972,5.0055294296888,7.26318898916825e-06,0.000156619432442156,0.000156619432442156,CENPH/CENPN/AURKB/SGO1/CENPI/CENPA/MAD2L1/BUB1B/KIF18A/BUB1/CDC20/DYNC1I1/CDCA8/KIF2C/CENPF/CENPE/KNTC1/SGO2/ERCC6L/SPC24/CENPK/SPDL1/PLK1/KNL1/ZWINT/NUF2/SKA1/SPC25/PPP2CB/BIRC5,30
R-HSA-9943965,"CHD3, CHD4, CHD5 subfamily",30/1293,95/9301,0.315789473684211,2.27158383196972,5.0055294296888,7.26318898916825e-06,0.000156619432442156,0.000156619432442156,H2BC15/PCK1/H2BC10/H2BC9/H4C11/CBX3/H2BC17/H2BC26/H2BC13/H2AC14/H3C7/H2BC14/H2AC19/H4C9/H3C8/H4C12/H4C14/H4C15/H3C11/PHF6/H2BC11/H3C2/H2AX/H2BC8/H2AC8/H2AC18/H2BC6/CHD5/H2BC7/H3C12,30
R-HSA-112316,Neuronal System,69/1293,297/9301,0.232323232323232,1.67118204473193,4.72366963072212,7.3579599133899e-06,0.000156619432442156,0.000156619432442156,NEFL/KIF17/NLGN1/ACHE/CACNA1A/KCNA6/KCNN3/CHRNA7/KCNN4/HCN2/GNG2/GLRB/ADCY9/KPNA2/GRIN1/CAMK2G/GNG7/RIMS1/MAPT/PRKAR2B/CAMK2D/CAMK2B/BCHE/KCNH8/VAMP2/CAMK2A/EPB41L3/CHRFAM7A/ADCY5/NPTN/KCNN2/GNAL/MAOA/KCNA2/NLGN4X/KCNQ4/TUBAL3/DLG2/KCNB1/GRIK3/NAAA/NTRK3/SLITRK5/PRKACB/HOMER2/KCND3/NRXN1/CHRNA1/KCNMA1/CALM1/SLC6A4/GRIN2D/LRRC4B/GNG4/TSPAN7/GNAI1/KCNQ1/ABCC8/PRKCB/CACNB1/KCNA5/NRXN3/APBA1/CACNB2/ADCY6/SYN1/RAB3A/KCNV2/SLC1A1,69
R-HSA-68886,M Phase,87/1293,400/9301,0.2175,1.56455336426914,4.63761080711287,8.3383214362511e-06,0.00017185532768093,0.00017185532768093,CENPH/CENPN/H2BC15/AURKB/H2BC10/H2BC9/RAN/SGO1/H4C11/CENPI/CCNB2/MZT1/CENPA/MAD2L1/H2BC17/BUB1B/H2BC26/PLK4/H2BC13/PRKAR2B/KIF18A/NCAPG/H2AC14/BUB1/CDC20/ESPL1/NCAPD2/H3C7/DYNC1I1/CDCA8/H2BC14/CHMP4C/H2AC19/KIF2C/H4C9/CENPF/UBE2C/UBE2S/H3C8/TUBAL3/CDK1/H4C12/H4C14/H4C15/CENPE/KIF23/FIRRM/CCNB1/RB1/H3C11/KNTC1/CDCA5/H2BC11/RAE1/NEK2/SGO2/H3C2/ERCC6L/H2AX/SPC24/H2BC8/LMNB1/KIF20A/CENPK/H2AC8/H2AC18/SPDL1/H2BC6/FBXO5/NUP58/PLK1/PSMA7/NCAPG2/KNL1/ZWINT/SMC4/TMPO/NUF2/SMC2/SKA1/PRKCB/SPC25/PPP2CB/BIRC5/NCAPH/H2BC7/H3C12,87
R-HSA-73929,"Base-Excision Repair, AP Site Formation",22/1293,60/9301,0.366666666666667,2.63756122712039,5.11319542241234,8.39753995240589e-06,0.00017185532768093,0.00017185532768093,H2BC15/H2BC10/H2BC9/H4C11/H2BC17/H2BC26/H2BC13/H2AC14/H2BC14/H2AC19/H4C9/H4C12/H4C14/H4C15/H2BC11/H2AX/H2BC8/H2AC8/H2AC18/NTHL1/H2BC6/H2BC7,22
R-HSA-9937850,NuRD complex assembly,29/1293,91/9301,0.318681318681319,2.29238588171303,4.97807907103728,8.41975766490463e-06,0.00017185532768093,0.00017185532768093,H2BC15/PCK1/H2BC10/H2BC9/H4C11/H2BC17/H2BC26/H2BC13/H2AC14/H3C7/H2BC14/H2AC19/H4C9/H3C8/H4C12/H4C14/H4C15/H3C11/PHF6/H2BC11/H3C2/H2AX/H2BC8/H2AC8/H2AC18/H2BC6/CHD5/H2BC7/H3C12,29
R-HSA-195258,RHO GTPase Effectors,72/1293,316/9301,0.227848101265823,1.63899086610473,4.64363264188017,9.6398412316578e-06,0.0001933841506583,0.0001933841506583,CENPH/PAK3/CENPN/KIF14/H2BC15/AURKB/MYLK/H2BC10/H2BC9/SGO1/H4C11/CENPI/CENPA/MAD2L1/H2BC17/BUB1B/H2BC26/H2BC13/KIF18A/H2AC14/BUB1/CDC20/PPP1R14A/H3C7/DYNC1I1/CDCA8/H2BC14/H2AC19/KIF2C/H4C9/CENPF/H3C8/MYH11/TUBAL3/H4C12/H4C14/H4C15/CENPE/H3C11/KNTC1/H2BC11/ABL1/SGO2/H3C2/ERCC6L/H2AX/SPC24/H2BC8/AR/CENPK/H2AC8/H2AC18/SPDL1/H2BC6/CALM1/PLK1/DIAPH3/KNL1/ZWINT/NUF2/RTKN/IQGAP3/SKA1/PRC1/PRKCB/SPC25/PPP2CB/BIRC5/H2BC7/NOX1/RHPN1/H3C12,72
R-HSA-2500257,Resolution of Sister Chromatid Cohesion,36/1293,125/9301,0.288,2.07168445475638,4.84701026719095,9.8046941739433e-06,0.0001933841506583,0.0001933841506583,CENPH/CENPN/AURKB/SGO1/CENPI/CCNB2/CENPA/MAD2L1/BUB1B/KIF18A/BUB1/CDC20/DYNC1I1/CDCA8/KIF2C/CENPF/TUBAL3/CDK1/CENPE/FIRRM/CCNB1/KNTC1/CDCA5/SGO2/ERCC6L/SPC24/CENPK/SPDL1/PLK1/KNL1/ZWINT/NUF2/SKA1/SPC25/PPP2CB/BIRC5,36
R-HSA-9645723,Diseases of programmed cell death,31/1293,101/9301,0.306930693069307,2.20785953305307,4.90412926571754,9.86388956377908e-06,0.0001933841506583,0.0001933841506583,H2BC15/H2BC10/H2BC9/POLA1/H4C11/H2BC17/H2BC26/H2BC13/H2AC14/H3C7/H2BC14/H2AC19/H4C9/H3C8/H4C12/H4C14/H4C15/H3C11/H2BC11/EZH2/CDC25B/H3C2/H2AX/H2BC8/LMNB1/H2AC8/H2AC18/H2BC6/CAPN2/H2BC7/H3C12,31
R-HSA-9845323,Regulation of endogenous retroelements by Piwi-interacting RNAs (piRNAs),29/1293,92/9301,0.315217391304348,2.26746864386832,4.90911951920282,1.06884415864273e-05,0.000206828285243853,0.000206828285243853,H2BC15/H2BC10/H2BC9/H4C11/H2BC17/H2BC26/H2BC13/H2AC14/ACTL6A/H3C7/H2BC14/DPF3/H2AC19/H4C9/H3C8/H4C12/H4C14/H4C15/H3C11/H2BC11/H3C2/H2AX/H2BC8/H2AC8/H2AC18/H2BC6/SPOCD1/H2BC7/H3C12,29
R-HSA-2559583,Cellular Senescence,49/1293,192/9301,0.255208333333333,1.83580255864914,4.70216282991553,1.14046209445701e-05,0.000217857502659095,0.000217857502659095,MAPK10/H2BC15/H2BC10/H2BC9/CBX2/H4C11/IL1A/H2BC17/H2BC26/H2BC13/FOS/CDK4/H2AC14/MAPK7/CDK2/CDKN2B/VENTX/H3C7/CXCL8/H2BC14/H2AC19/H4C9/UBE2C/UBE2S/H3C8/H1-5/E2F1/H4C12/CDKN1A/HMGA1/H4C14/H4C15/RB1/H3C11/H2BC11/EZH2/H3C2/H2AX/H2BC8/LMNB1/H2AC8/H2AC18/H2BC6/CBX8/CBX4/E2F3/CCNA2/H2BC7/H3C12,49
R-HSA-176187,Activation of ATR in response to replication stress,16/1293,37/9301,0.432432432432432,3.11063731945403,5.16884972734385,1.27677679848213e-05,0.000240809801232706,0.000240809801232706,MCM7/CLSPN/CDC6/CDK2/MCM10/CDC7/CHEK1/MCM4/RFC4/DBF4/ATR/ORC6/RFC3/MCM2/ORC1/CDC45,16
R-HSA-977225,Amyloid fiber formation,30/1293,98/9301,0.306122448979592,2.20204555139921,4.80671039753433,1.44756292284001e-05,0.000264926831848267,0.000264926831848267,H2BC15/PRKN/H2BC10/H2BC9/H4C11/TGFBI/H2BC17/H2BC26/H2BC13/H2AC14/H3C7/H2BC14/H2AC19/H4C9/H3C8/H4C12/H4C14/H4C15/H3C11/H2BC11/GSN/H3C2/H2AX/H2BC8/H2AC8/H2AC18/H2BC6/TTR/H2BC7/H3C12,30
R-HSA-9609690,HCMV Early Events,37/1293,132/9301,0.28030303030303,2.01631746701352,4.72535099861943,1.45780790400533e-05,0.000264926831848267,0.000264926831848267,H2AC16/H2BC15/H2BC10/H2BC9/H4C11/H2BC17/H2BC26/H2BC13/H2AC25/H2AC14/H2AC15/H3C7/DYNC1I1/H2BC14/H2AC19/H4C9/H2AC11/H3C8/TUBAL3/H4C12/H4C14/H4C15/H3C11/H2BC11/EZH2/RAE1/H2AC17/H3C2/H2BC8/H2AC12/H2AC8/H2AC18/H2BC6/NUP58/H2AC13/H2BC7/H3C12,37
R-HSA-3214858,RMTs methylate histone arginines,25/1293,75/9301,0.333333333333333,2.39778293374581,4.88362540931201,1.45798659137972e-05,0.000264926831848267,0.000264926831848267,H2AC16/H4C11/H2AC25/CDK4/H2AC14/ACTL6A/H2AC15/H3C7/H2AC19/H4C9/H2AC11/H3C8/H4C12/H4C14/H4C15/H3C11/H2AC17/H3C2/H2AX/H2AC12/H2AC8/H2AC18/H2AC13/PRMT3/H3C12,25
R-HSA-2514853,Condensation of Prometaphase Chromosomes,8/1293,11/9301,0.727272727272727,5.23152640089995,5.64240485972274,1.52529542071048e-05,0.000270558354387931,0.000270558354387931,CCNB2/NCAPG/NCAPD2/CDK1/CCNB1/SMC4/SMC2/NCAPH,8
R-HSA-5660526,Response to metal ions,8/1293,11/9301,0.727272727272727,5.23152640089995,5.64240485972274,1.52529542071048e-05,0.000270558354387931,0.000270558354387931,MT1F/MT1M/MT1X/MT1H/MT1E/MT2A/MT1G/CSRP1,8
R-HSA-5693567,HDR through Homologous Recombination (HRR) or Single Strand Annealing (SSA),37/1293,133/9301,0.278195488721805,2.00115718530665,4.67271713158253,1.75453561335169e-05,0.000307559772222825,0.000307559772222825,H2BC15/BLM/H2BC10/H2BC9/H4C11/CLSPN/H2BC17/TIMELESS/H2BC26/H2BC13/RAD51AP1/CDK2/EXO1/LIG1/CHEK1/H2BC14/RFC4/H4C9/ATR/BRCA2/H4C12/RFC3/BRIP1/H4C14/H4C15/FIRRM/H2BC11/ABL1/FIGNL1/H2AX/H2BC8/XRCC2/H2BC6/PCNA/RTEL1/CCNA2/H2BC7,37
R-HSA-5693532,DNA Double-Strand Break Repair,44/1293,169/9301,0.260355029585799,1.87282453996714,4.60114641734492,1.85296930310831e-05,0.000321037704840858,0.000321037704840858,H2BC15/BLM/H2BC10/H2BC9/H4C11/PRKDC/CLSPN/KPNA2/H2BC17/TIMELESS/H2BC26/H2BC13/RAD51AP1/CDK2/TDP2/EXO1/LIG1/CHEK1/H2BC14/RFC4/H4C9/ATR/XRCC4/BRCA2/H4C12/RFC3/BRIP1/H4C14/H4C15/FIRRM/H2BC11/ABL1/FIGNL1/H2AX/H2BC8/XRCC2/POLQ/H2BC6/PCNA/EYA4/RTEL1/CCNA2/H2BC7/EYA2,44
R-HSA-5693538,Homology Directed Repair,38/1293,139/9301,0.273381294964029,1.96652701041023,4.61322839123907,2.09382628469053e-05,0.000354522859566919,0.000354522859566919,H2BC15/BLM/H2BC10/H2BC9/H4C11/CLSPN/H2BC17/TIMELESS/H2BC26/H2BC13/RAD51AP1/CDK2/EXO1/LIG1/CHEK1/H2BC14/RFC4/H4C9/ATR/BRCA2/H4C12/RFC3/BRIP1/H4C14/H4C15/FIRRM/H2BC11/ABL1/FIGNL1/H2AX/H2BC8/XRCC2/POLQ/H2BC6/PCNA/RTEL1/CCNA2/H2BC7,38
R-HSA-3214847,HATs acetylate histones,38/1293,139/9301,0.273381294964029,1.96652701041023,4.61322839123907,2.09382628469053e-05,0.000354522859566919,0.000354522859566919,H2AC16/KAT2A/H2BC15/H2BC10/H2BC9/H4C11/H2BC17/H2BC26/H2BC13/JADE3/H2AC25/KAT2B/H2AC14/ACTL6A/H2AC15/H3C7/H2BC14/H2AC19/H4C9/H2AC11/MRGBP/H3C8/H4C12/H4C14/H4C15/H3C11/H2BC11/H2AC17/H3C2/H2BC8/H2AC12/H2AC8/H2AC18/H2BC6/H2AC13/YEATS4/H2BC7/H3C12,38
R-HSA-9006931,Signaling by Nuclear Receptors,64/1293,278/9301,0.23021582733813,1.65602274560862,4.46215365537048,2.13106121162809e-05,0.000356773169137736,0.000356773169137736,ANGPTL3/BCL2/H2BC15/APOC2/PCK1/H2BC10/H2BC9/H4C11/DHRS9/GNG2/FABP6/CXCL12/KPNA2/H2BC17/H2BC26/GNG7/H2BC13/MMP3/FOS/KAT2B/H2AC14/ADH1A/MYB/CYP26B1/H3C7/GTF2F2/H2BC14/H2AC19/H4C9/MMP7/APOC1/H3C8/CAV1/H4C12/CXXC5/H4C14/H4C15/NR5A2/RXRA/H3C11/H2BC11/H3C2/H2AX/H2BC8/UGT1A3/BTC/H2AC8/FKBP5/H2AC18/EREG/PGR/H2BC6/CALM1/FOSB/PDK4/GNG4/GNAI1/ADH1C/MMP9/RDH5/MYC/JUND/H2BC7/H3C12,64
R-HSA-9818564,Epigenetic regulation of gene expression by MLL3 and MLL4 complexes,36/1293,130/9301,0.276923076923077,1.9920042834196,4.57673304507257,2.53063900582435e-05,0.000405446464374009,0.000405446464374009,H2BC15/H2BC10/H2BC9/H4C11/H2BC17/H2BC26/H2BC13/H2AC14/MGLL/H3C7/PHLDA1/H2BC14/H2AC19/AJUBA/H4C9/H3C8/H4C12/H4C14/H4C15/NR5A2/RXRA/RB1/H3C11/H2BC11/ABL1/PPARGC1B/H3C2/H2AX/H2BC8/H2AC8/H2AC18/H2BC6/PDK4/PPARGC1A/H2BC7/H3C12,36
R-HSA-9841922,MLL4 and MLL3 complexes regulate expression of PPARG target genes in adipogenesis and hepatic steatosis,36/1293,130/9301,0.276923076923077,1.9920042834196,4.57673304507257,2.53063900582435e-05,0.000405446464374009,0.000405446464374009,H2BC15/H2BC10/H2BC9/H4C11/H2BC17/H2BC26/H2BC13/H2AC14/MGLL/H3C7/PHLDA1/H2BC14/H2AC19/AJUBA/H4C9/H3C8/H4C12/H4C14/H4C15/NR5A2/RXRA/RB1/H3C11/H2BC11/ABL1/PPARGC1B/H3C2/H2AX/H2BC8/H2AC8/H2AC18/H2BC6/PDK4/PPARGC1A/H2BC7/H3C12,36
R-HSA-9851695,Epigenetic regulation of adipogenesis genes by MLL3 and MLL4 complexes,36/1293,130/9301,0.276923076923077,1.9920042834196,4.57673304507257,2.53063900582435e-05,0.000405446464374009,0.000405446464374009,H2BC15/H2BC10/H2BC9/H4C11/H2BC17/H2BC26/H2BC13/H2AC14/MGLL/H3C7/PHLDA1/H2BC14/H2AC19/AJUBA/H4C9/H3C8/H4C12/H4C14/H4C15/NR5A2/RXRA/RB1/H3C11/H2BC11/ABL1/PPARGC1B/H3C2/H2AX/H2BC8/H2AC8/H2AC18/H2BC6/PDK4/PPARGC1A/H2BC7/H3C12,36
R-HSA-68867,Assembly of the pre-replicative complex,36/1293,130/9301,0.276923076923077,1.9920042834196,4.57673304507257,2.53063900582435e-05,0.000405446464374009,0.000405446464374009,H2BC15/MCM7/H2BC10/H2BC9/H4C11/H2BC17/H2BC26/CDC6/H2BC13/H2AC14/H3C7/H2BC14/H2AC19/MCM4/H4C9/UBE2C/UBE2S/H3C8/ORC6/H4C12/H4C14/H4C15/H3C11/H2BC11/MCM2/H3C2/H2AX/H2BC8/ORC1/H2AC8/H2AC18/CDT1/H2BC6/PSMA7/H2BC7/H3C12,36
R-HSA-9018519,Estrogen-dependent gene expression,39/1293,146/9301,0.267123287671233,1.92151098115246,4.50948008067198,2.91808430870398e-05,0.000462547406379674,0.000462547406379674,BCL2/H2BC15/H2BC10/H2BC9/H4C11/CXCL12/KPNA2/H2BC17/H2BC26/H2BC13/FOS/KAT2B/H2AC14/MYB/H3C7/GTF2F2/H2BC14/H2AC19/H4C9/H3C8/H4C12/CXXC5/H4C14/H4C15/NR5A2/H3C11/H2BC11/H3C2/H2AX/H2BC8/H2AC8/H2AC18/PGR/H2BC6/FOSB/MYC/JUND/H2BC7/H3C12,39
R-HSA-69618,Mitotic Spindle Checkpoint,32/1293,112/9301,0.285714285714286,2.05524251463927,4.51446063282129,3.58792878328898e-05,0.000562738303905325,0.000562738303905325,CENPH/CENPN/AURKB/SGO1/CENPI/CENPA/MAD2L1/BUB1B/KIF18A/BUB1/CDC20/DYNC1I1/CDCA8/KIF2C/CENPF/UBE2C/UBE2S/CENPE/KNTC1/SGO2/ERCC6L/SPC24/CENPK/SPDL1/PLK1/KNL1/ZWINT/NUF2/SKA1/SPC25/PPP2CB/BIRC5,32
R-HSA-5576892,Phase 0 - rapid depolarisation,12/1293,25/9301,0.48,3.45280742459397,4.93437090131999,4.4572827455921e-05,0.000691807426138774,0.000691807426138774,SCN4A/CAMK2G/CAMK2D/CAMK2B/CAMK2A/CACNA1C/CALM1/SCN4B/SCN9A/SCN7A/CACNB1/CACNB2,12
R-HSA-8939211,ESR-mediated signaling,51/1293,213/9301,0.23943661971831,1.72235112142305,4.28531448015024,4.90716614026196e-05,0.000753781190617559,0.000753781190617559,BCL2/H2BC15/H2BC10/H2BC9/H4C11/GNG2/CXCL12/KPNA2/H2BC17/H2BC26/GNG7/H2BC13/MMP3/FOS/KAT2B/H2AC14/MYB/H3C7/GTF2F2/H2BC14/H2AC19/H4C9/MMP7/H3C8/CAV1/H4C12/CXXC5/H4C14/H4C15/NR5A2/H3C11/H2BC11/H3C2/H2AX/H2BC8/BTC/H2AC8/FKBP5/H2AC18/EREG/PGR/H2BC6/CALM1/FOSB/GNG4/GNAI1/MMP9/MYC/JUND/H2BC7/H3C12,51
R-HSA-427413,NoRC negatively regulates rRNA expression,30/1293,104/9301,0.288461538461538,2.07500446189541,4.42978397495625,5.11799441754928e-05,0.00077814404919882,0.00077814404919882,H2BC15/H2BC10/H2BC9/H4C11/TAF1D/H2BC17/H2BC26/H2BC13/H2AC14/POLR1C/H3C7/H2BC14/H2AC19/H4C9/H3C8/H4C12/H4C14/H4C15/POLR1B/H3C11/H2BC11/H3C2/H2AX/H2BC8/H2AC8/H2AC18/H2BC6/POLR1D/H2BC7/H3C12,30
R-HSA-68962,Activation of the pre-replicative complex,14/1293,33/9301,0.424242424242424,3.05172373385831,4.74418421472295,5.77157721664602e-05,0.000868651520485108,0.000868651520485108,RPA4/MCM7/POLA1/CDC6/CDK2/MCM10/CDC7/MCM4/DBF4/ORC6/MCM2/ORC1/CDT1/CDC45,14
R-HSA-5693607,Processing of DNA double-strand break ends,28/1293,95/9301,0.294736842105263,2.1201449098384,4.40939729709127,5.92303027203513e-05,0.000875274504261842,0.000875274504261842,H2BC15/BLM/H2BC10/H2BC9/H4C11/CLSPN/H2BC17/TIMELESS/H2BC26/H2BC13/CDK2/EXO1/CHEK1/H2BC14/RFC4/H4C9/ATR/H4C12/RFC3/BRIP1/H4C14/H4C15/H2BC11/H2AX/H2BC8/H2BC6/CCNA2/H2BC7,28
R-HSA-425407,SLC-mediated transmembrane transport,45/1293,182/9301,0.247252747252747,1.77857525305321,4.26227420945119,5.93306878727826e-05,0.000875274504261842,0.000875274504261842,SLC9A1/SLC2A12/BSG/AHCYL2/SLC22A5/SLC22A15/SLC6A14/SLC38A4/SLC9A9/SLC25A4/SLC16A7/SLC11A2/SLC6A20/SLC39A4/SLC7A1/SLC38A5/SLC7A11/SLC30A10/SLC26A3/SLC36A1/SLCO4C1/SLC9A3/SLC9A2/SRI/SLC22A3/SLC38A3/SLC28A3/SLC20A2/SLC4A4/SLC6A6/CALM1/SLC6A4/SLC5A6/SLCO4A1/SLCO2A1/SLC6A19/SLC26A2/SLC28A2/SLC39A10/SLC13A3/SLC7A5/SLC16A10/SLC2A4/SLC8A1/SLC1A1,45
R-HSA-211945,Phase I - Functionalization of compounds,25/1293,81/9301,0.308641975308642,2.22016938309797,4.43175636098881,6.31787877036416e-05,0.000922905820376725,0.000922905820376725,ARNT2/CES3/MAOB/ADH1B/NR1H4/PTGS1/ADH1A/CYP26B1/CES2/CYP39A1/CYP24A1/CYP4F12/CYB5R3/CYP27B1/MAOA/SMOX/CYP21A2/RXRA/CMBL/CYP19A1/CYP2B6/MTARC2/CYP2S1/ADH1C/CYP4F3,25
R-HSA-156588,Glucuronidation,10/1293,19/9301,0.526315789473684,3.78597305328286,4.88440463181693,7.26903556052714e-05,0.00105154009564907,0.00105154009564907,UGP2/UGT2B15/UGT1A5/UGT1A8/UGT1A1/UGT1A3/UGT2B17/UGT1A4/UGDH/UGT1A10,10
R-HSA-9958863,SLC-mediated transport of amino acids,13/1293,30/9301,0.433333333333333,3.11711781386955,4.66682018607803,8.14479812214767e-05,0.00116689896173077,0.00116689896173077,SLC6A14/SLC38A4/SLC6A20/SLC7A1/SLC38A5/SLC7A11/SLC36A1/SLC38A3/SLC6A6/SLC6A19/SLC7A5/SLC16A10/SLC1A1,13
R-HSA-9943411,CHD1 and CHD2 subfamily,28/1293,97/9301,0.288659793814433,2.0764305818005,4.28215412316632,8.89156289990985e-05,0.00126175511627292,0.00126175511627292,H2BC15/H2BC10/H2BC9/H4C11/H2BC17/H2BC26/H2BC13/H2AC14/H3C7/H2BC14/H2AC19/H4C9/SNRPE/H3C8/H4C12/H4C14/H4C15/H3C11/H2BC11/H3C2/H2AX/H2BC8/H2AC8/H2AC18/SNRPB/H2BC6/H2BC7/H3C12,28
R-HSA-5250941,Negative epigenetic regulation of rRNA expression,30/1293,107/9301,0.280373831775701,2.01682676670208,4.25074755390411,9.12821777942979e-05,0.00128311740484438,0.00128311740484438,H2BC15/H2BC10/H2BC9/H4C11/TAF1D/H2BC17/H2BC26/H2BC13/H2AC14/POLR1C/H3C7/H2BC14/H2AC19/H4C9/H3C8/H4C12/H4C14/H4C15/POLR1B/H3C11/H2BC11/H3C2/H2AX/H2BC8/H2AC8/H2AC18/H2BC6/POLR1D/H2BC7/H3C12,30
R-HSA-73884,Base Excision Repair,26/1293,88/9301,0.295454545454545,2.12530760036561,4.26177735168079,0.000102831762482935,0.0014319563186876,0.0014319563186876,H2BC15/H2BC10/H2BC9/H4C11/H2BC17/H2BC26/H2BC13/H2AC14/LIG1/H2BC14/H2AC19/RFC4/H4C9/H4C12/RFC3/H4C14/H4C15/H2BC11/H2AX/H2BC8/H2AC8/H2AC18/NTHL1/H2BC6/PCNA/H2BC7,26
R-HSA-8936459,RUNX1 regulates genes involved in megakaryocyte differentiation and platelet function,27/1293,93/9301,0.290322580645161,2.08839158745603,4.23860259578562,0.000106071690363982,0.00146339646891049,0.00146339646891049,H2BC15/H2BC10/H2BC9/H4C11/H2BC17/H2BC26/H2BC13/KAT2B/H2AC14/H3C7/H2BC14/H2AC19/H4C9/H3C8/H4C12/H4C14/H4C15/H3C11/H2BC11/H3C2/H2AX/H2BC8/H2AC8/H2AC18/H2BC6/H2BC7/H3C12,27
R-HSA-352230,Amino acid transport across the plasma membrane,12/1293,27/9301,0.444444444444444,3.19704391166108,4.59373330317473,0.000113872733825255,0.00154245793999664,0.00154245793999664,SLC6A14/SLC38A4/SLC6A20/SLC7A1/SLC38A5/SLC7A11/SLC36A1/SLC38A3/SLC6A6/SLC6A19/SLC7A5/SLC16A10,12
R-HSA-69205,G1/S-Specific Transcription,12/1293,27/9301,0.444444444444444,3.19704391166108,4.59373330317473,0.000113872733825255,0.00154245793999664,0.00154245793999664,POLA1/CDC6/E2F5/RBL1/E2F1/CDK1/ORC1/CDT1/CDC45/FBXO5/PCNA/RRM2,12
R-HSA-9670095,Inhibition of DNA recombination at telomere,21/1293,65/9301,0.323076923076923,2.32400499732286,4.30410685772849,0.000115907397364768,0.00155587407273427,0.00155587407273427,H2BC15/H2BC10/H2BC9/H4C11/H2BC17/H2BC26/H2BC13/H2AC14/H2BC14/H2AC19/H4C9/H4C12/H4C14/H4C15/H2BC11/H2AX/H2BC8/H2AC8/H2AC18/H2BC6/H2BC7,21
R-HSA-2672351,Stimuli-sensing channels,26/1293,89/9301,0.292134831460674,2.10142773968734,4.19520080396641,0.000126393902038632,0.00168149030390681,0.00168149030390681,CLCNKB/RYR1/CLCNKA/CLCA4/ANO9/ANO2/CLCN1/SGK2/SCNN1G/CASQ2/RYR2/TSC22D3/RYR3/TRPC4/TTYH3/SRI/TRPM6/TRPV3/CLCN2/CALM1/SGK1/BEST4/SCNN1B/UNC79/WNK3/ANO5,26
R-HSA-69473,G2/M DNA damage checkpoint,27/1293,94/9301,0.287234042553192,2.06617465567458,4.1745716004586,0.000129460066154491,0.00170703981035568,0.00170703981035568,H2BC15/BLM/H2BC10/H2BC9/H4C11/H2BC17/H2BC26/H2BC13/EXO1/CHEK1/H2BC14/RFC4/H4C9/ATR/CDK1/H4C12/RFC3/BRIP1/H4C14/H4C15/CCNB1/H2BC11/H2AX/H2BC8/H2BC6/CCNA2/H2BC7,27
R-HSA-9816359,Maternal to zygotic transition (MZT),28/1293,99/9301,0.282828282828283,2.03448248923887,4.15794108158265,0.000131312567629748,0.00171627829621337,0.00171627829621337,H2BC15/H2BC10/H2BC9/H4C11/H2BC17/H2BC26/H2BC13/H2AC14/H3C7/H2BC14/H2AC19/H4C9/H3C8/H4C12/H4C14/H4C15/H3C11/H2BC11/H3C2/H2AX/H2BC8/H2AC8/H2AC18/H2BC6/SRPK1/UHRF1/H2BC7/H3C12,28
R-HSA-9648025,EML4 and NUDC in mitotic spindle formation,31/1293,115/9301,0.269565217391304,1.93907663337705,4.07160311961226,0.000155704769448881,0.00201739223025072,0.00201739223025072,CENPH/CENPN/AURKB/SGO1/CENPI/CENPA/MAD2L1/BUB1B/KIF18A/BUB1/CDC20/DYNC1I1/CDCA8/KIF2C/CENPF/TUBAL3/CENPE/KNTC1/SGO2/ERCC6L/SPC24/CENPK/SPDL1/PLK1/KNL1/ZWINT/NUF2/SKA1/SPC25/PPP2CB/BIRC5,31
R-HSA-983712,Ion channel transport,38/1293,152/9301,0.25,1.79833720030936,3.98749408026487,0.0001700847065203,0.00218470873030385,0.00218470873030385,CLCNKB/RYR1/CLCNKA/CLCA4/ANO9/ATP6V1C2/CAMK2G/ANO2/CAMK2D/CAMK2B/CAMK2A/ATP1A2/CLCN1/SGK2/SCNN1G/CASQ2/RYR2/ATP11A/TSC22D3/RYR3/TRPC4/TTYH3/PLN/ATP2A3/SRI/TRPM6/TRPV3/CLCN2/ATP8B1/CALM1/FXYD1/SGK1/BEST4/SCNN1B/UNC79/ATP8A2/WNK3/ANO5,38
R-HSA-112040,G-protein mediated events,18/1293,53/9301,0.339622641509434,2.44302412117498,4.23317594357429,0.000172664035344993,0.00219888386892342,0.00219888386892342,ADCY9/KPNA2/CAMK2G/PRKAR2B/CAMK2D/CAMK2B/CAMK2A/ITPR1/ADCY5/GNAL/PLCB4/GNA14/PRKACB/GNA11/CALM1/GNAI1/GNAQ/ADCY6,18
R-HSA-5617472,Activation of anterior HOX genes in hindbrain development during early embryogenesis,31/1293,117/9301,0.264957264957265,1.90593002425949,3.962327339949,0.000218585249688862,0.00273690774820508,0.00273690774820508,H2BC15/H2BC10/H2BC9/H4C11/H2BC17/H2BC26/PBX1/H2BC13/H2AC14/H3C7/H2BC14/HOXB2/H2AC19/AJUBA/H4C9/H3C8/H4C12/H4C14/H4C15/RXRA/H3C11/H2BC11/EZH2/H3C2/H2AX/H2BC8/H2AC8/H2AC18/H2BC6/H2BC7/H3C12,31
R-HSA-5619507,Activation of HOX genes during differentiation,31/1293,117/9301,0.264957264957265,1.90593002425949,3.962327339949,0.000218585249688862,0.00273690774820508,0.00273690774820508,H2BC15/H2BC10/H2BC9/H4C11/H2BC17/H2BC26/PBX1/H2BC13/H2AC14/H3C7/H2BC14/HOXB2/H2AC19/AJUBA/H4C9/H3C8/H4C12/H4C14/H4C15/RXRA/H3C11/H2BC11/EZH2/H3C2/H2AX/H2BC8/H2AC8/H2AC18/H2BC6/H2BC7/H3C12,31
R-HSA-8939236,RUNX1 regulates transcription of genes involved in differentiation of HSCs,30/1293,112/9301,0.267857142857143,1.92678985747431,3.96492395674194,0.000223194117422249,0.00276703909718408,0.00276703909718408,H2BC15/H2BC10/H2BC9/H4C11/H2BC17/H2BC26/H2BC13/H2AC14/MYB/H3C7/H2BC14/H2AC19/H4C9/H3C8/H4C12/H4C14/H4C15/H3C11/H2BC11/ABL1/H3C2/H2AX/H2BC8/H2AC8/TP73/H2AC18/H2BC6/PSMA7/H2BC7/H3C12,30
R-HSA-453279,Mitotic G1 phase and G1/S transition,35/1293,138/9301,0.253623188405797,1.82440005828486,3.92046353011091,0.000224705859569982,0.00276703909718408,0.00276703909718408,RPA4/MCM7/POLA1/SKP2/MYBL2/TOP2A/CDC6/E2F5/CDK4/CDK2/MCM10/RBL1/CDKN2B/CDC7/MCM4/DBF4/ORC6/E2F1/CDK1/CDKN1A/CCNB1/RB1/MCM2/ABL1/ORC1/CDT1/CDC45/FBXO5/PSMA7/PCNA/RRM2/E2F3/PPP2CB/MYC/CCNA2,35
R-HSA-9825892,Regulation of MITF-M-dependent genes involved in cell cycle and proliferation,9/1293,18/9301,0.5,3.59667440061872,4.43086255302302,0.000280568673691919,0.0033987587300891,0.0033987587300891,TCF7/CDK2/MET/TCF7L1/CDKN1A/CCNB1/CDC25B/PLK1/LEF1,9
R-HSA-438066,"Unblocking of NMDA receptors, glutamate binding and activation",9/1293,18/9301,0.5,3.59667440061872,4.43086255302302,0.000280568673691919,0.0033987587300891,0.0033987587300891,NEFL/GRIN1/CAMK2G/CAMK2D/CAMK2B/CAMK2A/DLG2/CALM1/GRIN2D,9
R-HSA-380108,Chemokine receptors bind chemokines,15/1293,42/9301,0.357142857142857,2.56905314329908,4.09504766221924,0.000318189378391029,0.00382340462744059,0.00382340462744059,CCL13/CCL20/CXCL12/CXCL5/CXCL9/CCL11/CXCL8/CCL3/CCL3L3/CXCL6/CCL22/ACKR2/CXCL10/CXCL11/CXCL1,15
R-HSA-418555,G alpha (s) signalling events,27/1293,99/9301,0.272727272727273,1.96182240033748,3.86589518251981,0.000329947278985503,0.0039329715655072,0.0039329715655072,PTGDR/GNG2/ADCY9/GNG7/PRKAR2B/ADCYAP1R1/ADRB1/ADCY5/GPER1/PDE8A/PDE7B/PRKACB/ARRB1/PDE3A/DRD5/GNG4/MC1R/PDE2A/GNAI1/PDE4D/GNAZ/PTGER4/ADCY6/VIPR1/GCG/VIP/GLP2R,27
R-HSA-9609646,HCMV Infection,38/1293,157/9301,0.24203821656051,1.74106531494919,3.76285002314847,0.00034405100337061,0.0040685396430334,0.0040685396430334,H2AC16/H2BC15/H2BC10/H2BC9/H4C11/H2BC17/H2BC26/H2BC13/H2AC25/H2AC14/H2AC15/H3C7/DYNC1I1/H2BC14/CHMP4C/H2AC19/H4C9/H2AC11/H3C8/TUBAL3/H4C12/H4C14/H4C15/H3C11/H2BC11/EZH2/RAE1/H2AC17/H3C2/H2BC8/H2AC12/H2AC8/H2AC18/H2BC6/NUP58/H2AC13/H2BC7/H3C12,38
R-HSA-1538133,G0 and Early G1,11/1293,26/9301,0.423076923076923,3.04333987744661,4.1922679220217,0.00037269477214051,0.00433840008194813,0.00433840008194813,MYBL2/TOP2A/CDC6/E2F5/CDK2/RBL1/E2F1/CDK1/PCNA/MYC/CCNA2,11
R-HSA-9749641,Aspirin ADME,11/1293,26/9301,0.423076923076923,3.04333987744661,4.1922679220217,0.00037269477214051,0.00433840008194813,0.00433840008194813,BSG/UGT2B15/BCHE/UGT1A5/CES2/UGT1A8/UGT1A1/UGT1A3/ABCC2/UGT2B17/UGT1A4,11
R-HSA-176974,Unwinding of DNA,7/1293,12/9301,0.583333333333333,4.19612013405517,4.45151602410963,0.000412258896107127,0.00476175004030712,0.00476175004030712,MCM7/GINS2/MCM4/MCM2/CDC45/GINS3/GINS1,7
R-HSA-9759476,Regulation of Homotypic Cell-Cell Adhesion,48/1293,214/9301,0.224299065420561,1.61346141336167,3.64806508526009,0.000421421775079635,0.00483014188360505,0.00483014188360505,ZEB2/MTBP/FOXP2/H2BC15/FOXF1/H2BC10/H2BC9/ZEB1/H4C11/TGIF2/KLF9/KLF4/H2BC17/H2BC26/ADAM33/H2BC13/SOX10/CDH19/H2AC14/TWIST2/H3C7/H2BC14/H2AC19/H4C9/H3C8/H4C12/H4C14/H4C15/RB1/H3C11/FOXA2/H2BC11/EZH2/H3C2/H2AX/H2BC8/FOXQ1/ACTG2/H2AC8/H2AC18/H2BC6/PSMA7/VCL/ACTA1/MYC/RPN2/H2BC7/H3C12,48
R-HSA-422356,Regulation of insulin secretion,20/1293,66/9301,0.303030303030303,2.17980266704165,3.86492967421467,0.000436677833228393,0.00496679367565119,0.00496679367565119,CACNA1A/RAP1A/GNG2/GNG7/PRKAR2B/VAMP2/ITPR1/ADCY5/CACNA1C/KCNB1/GNA14/PRKACB/GNA11/GNG4/GNAI1/ABCC8/GNAQ/CACNB2/ADCY6/GCG,20
R-HSA-5693571,Nonhomologous End-Joining (NHEJ),20/1293,67/9301,0.298507462686567,2.14726829887685,3.78692029234937,0.000542562553642538,0.00612438034035896,0.00612438034035896,H2BC15/H2BC10/H2BC9/H4C11/PRKDC/H2BC17/H2BC26/H2BC13/TDP2/H2BC14/H4C9/XRCC4/H4C12/H4C14/H4C15/H2BC11/H2AX/H2BC8/H2BC6/H2BC7,20
R-HSA-211000,Gene Silencing by RNA,27/1293,102/9301,0.264705882352941,1.90412174150403,3.68922713096139,0.00055290313473573,0.00619417797561081,0.00619417797561081,H2BC15/H2BC10/H2BC9/RAN/H4C11/H2BC17/H2BC26/H2BC13/H2AC14/H3C7/H2BC14/H2AC19/H4C9/H3C8/H4C12/H4C14/H4C15/H3C11/H2BC11/H3C2/H2AX/H2BC8/H2AC8/H2AC18/H2BC6/H2BC7/H3C12,27
R-HSA-112043,PLC beta mediated events,16/1293,49/9301,0.326530612244898,2.34884858815916,3.80383906385572,0.000645198558156412,0.00717422277353025,0.00717422277353025,ADCY9/KPNA2/CAMK2G/PRKAR2B/CAMK2D/CAMK2B/CAMK2A/ITPR1/ADCY5/PLCB4/GNA14/PRKACB/GNA11/CALM1/GNAQ/ADCY6,16
R-HSA-9917777,Epigenetic regulation by WDR5-containing histone modifying complexes,38/1293,162/9301,0.234567901234568,1.68732873115446,3.54610320779586,0.000662160170059651,0.00730828632139911,0.00730828632139911,KAT2A/H2BC15/H2BC10/H2BC9/H4C11/H2BC17/H2BC26/H2BC13/KAT2B/H2AC14/MGLL/H3C7/PHLDA1/H2BC14/H2AC19/AJUBA/H4C9/H3C8/H4C12/H4C14/H4C15/NR5A2/RXRA/RB1/H3C11/H2BC11/ABL1/PPARGC1B/H3C2/H2AX/H2BC8/H2AC8/H2AC18/H2BC6/PDK4/PPARGC1A/H2BC7/H3C12,38
R-HSA-111885,Opioid Signalling,23/1293,83/9301,0.27710843373494,1.99333761962001,3.6525509453085,0.000697297690303946,0.00763951145994764,0.00763951145994764,GNG2/ADCY9/KPNA2/CAMK2G/GNG7/PRKAR2B/CAMK2D/CAMK2B/CAMK2A/ITPR1/ADCY5/GNAL/PLCB4/GNA14/PRKACB/GNA11/CALM1/GNG4/GNAI1/PDE4D/GNAQ/PPP2CB/ADCY6,23
R-HSA-68877,Mitotic Prometaphase,45/1293,202/9301,0.222772277227723,1.60247869334497,3.4785580031296,0.000733662337624804,0.00797924732161283,0.00797924732161283,CENPH/CENPN/AURKB/SGO1/CENPI/CCNB2/MZT1/CENPA/MAD2L1/BUB1B/PLK4/PRKAR2B/KIF18A/NCAPG/BUB1/CDC20/NCAPD2/DYNC1I1/CDCA8/KIF2C/CENPF/TUBAL3/CDK1/CENPE/FIRRM/CCNB1/KNTC1/CDCA5/NEK2/SGO2/ERCC6L/SPC24/CENPK/SPDL1/PLK1/KNL1/ZWINT/SMC4/NUF2/SMC2/SKA1/SPC25/PPP2CB/BIRC5/NCAPH,45
R-HSA-9620244,Long-term potentiation,9/1293,20/9301,0.45,3.23700696055684,4.02405262300815,0.0007461125152007,0.00805585251919597,0.00805585251919597,NEFL/GRIN1/CAMK2G/CAMK2D/CAMK2B/CAMK2A/DLG2/CALM1/GRIN2D,9
R-HSA-69190,DNA strand elongation,12/1293,32/9301,0.375,2.69750580046404,3.86499128980435,0.000757217797126899,0.00811693897639626,0.00811693897639626,MCM7/GINS2/POLA1/LIG1/MCM4/RFC4/RFC3/MCM2/CDC45/PCNA/GINS3/GINS1,12
R-HSA-69206,G1/S Transition,30/1293,120/9301,0.25,1.79833720030936,3.53680161717633,0.000792977510704414,0.00842041457663476,0.00842041457663476,RPA4/MCM7/POLA1/SKP2/CDC6/E2F5/CDK4/CDK2/MCM10/RBL1/CDC7/MCM4/DBF4/ORC6/E2F1/CDK1/CDKN1A/CCNB1/RB1/MCM2/ORC1/CDT1/CDC45/FBXO5/PSMA7/PCNA/RRM2/PPP2CB/MYC/CCNA2,30
R-HSA-1592389,Activation of Matrix Metalloproteinases,10/1293,24/9301,0.416666666666667,2.99722866718226,3.936482617996,0.000796831178057383,0.00842041457663476,0.00842041457663476,MMP10/MMP3/CMA1/TPSAB1/MMP1/MMP7/MMP11/MMP13/MMP9/CTSG,10
R-HSA-1234158,Regulation of gene expression by Hypoxia-inducible Factor,6/1293,10/9301,0.6,4.31600928074246,4.21563704096762,0.000907376817395591,0.00952106660506642,0.00952106660506642,HIGD1A/CITED2/VEGFA/HIF3A/CA9/EPAS1,6
R-HSA-452723,Transcriptional regulation of pluripotent stem cells,8/1293,17/9301,0.470588235294118,3.38510531822938,3.95496969501754,0.0010314381004617,0.01074715223558,0.01074715223558,EPHA1/KLF4/PBX1/CRIPTO/FGF2/HIF3A/SALL4/EPAS1,8
R-HSA-421270,Cell-cell junction organization,57/1293,275/9301,0.207272727272727,1.49098502425649,3.3209752007096,0.00104484018270611,0.0108111935571674,0.0108111935571674,ZEB2/CLDN1/MTBP/FOXP2/H2BC15/FOXF1/H2BC10/H2BC9/ZEB1/H4C11/TGIF2/KLF9/KLF4/CLDN8/H2BC17/H2BC26/ADAM33/H2BC13/SOX10/CDH19/H2AC14/CDH3/TWIST2/CLDN2/H3C7/H2BC14/H2AC19/H4C9/CLDN9/H3C8/IL6R/H4C12/H4C14/H4C15/RB1/H3C11/FOXA2/H2BC11/EZH2/H3C2/H2AX/H2BC8/FOXQ1/ACTG2/CLDN5/H2AC8/H2AC18/H2BC6/PSMA7/CLDN23/VCL/IL6ST/ACTA1/MYC/RPN2/H2BC7/H3C12,57
R-HSA-9764265,Regulation of CDH1 Expression and Function,44/1293,200/9301,0.22,1.58253673627224,3.34635848257521,0.00109642359441968,0.0111895284635981,0.0111895284635981,ZEB2/MTBP/FOXP2/H2BC15/H2BC10/H2BC9/ZEB1/H4C11/TGIF2/KLF9/KLF4/H2BC17/H2BC26/H2BC13/H2AC14/TWIST2/H3C7/H2BC14/H2AC19/H4C9/H3C8/H4C12/H4C14/H4C15/RB1/H3C11/FOXA2/H2BC11/EZH2/H3C2/H2AX/H2BC8/FOXQ1/ACTG2/H2AC8/H2AC18/H2BC6/PSMA7/VCL/ACTA1/MYC/RPN2/H2BC7/H3C12,44
R-HSA-9764274,Regulation of Expression and Function of Type I Classical Cadherins,44/1293,200/9301,0.22,1.58253673627224,3.34635848257521,0.00109642359441968,0.0111895284635981,0.0111895284635981,ZEB2/MTBP/FOXP2/H2BC15/H2BC10/H2BC9/ZEB1/H4C11/TGIF2/KLF9/KLF4/H2BC17/H2BC26/H2BC13/H2AC14/TWIST2/H3C7/H2BC14/H2AC19/H4C9/H3C8/H4C12/H4C14/H4C15/RB1/H3C11/FOXA2/H2BC11/EZH2/H3C2/H2AX/H2BC8/FOXQ1/ACTG2/H2AC8/H2AC18/H2BC6/PSMA7/VCL/ACTA1/MYC/RPN2/H2BC7/H3C12,44
R-HSA-201681,TCF dependent signaling in response to WNT,45/1293,206/9301,0.218446601941748,1.57136260221206,3.33213642268433,0.00112989765477235,0.0113753209838568,0.0113753209838568,H2BC15/H2BC10/H2BC9/H4C11/TCF7/H2BC17/H2BC26/H2BC13/H2AC14/WNT3/SOX9/H3C7/ZNRF3/TCF7L1/SFRP1/H2BC14/H2AC19/H4C9/H3C8/CAV1/H4C12/H4C14/H4C15/H3C11/H2BC11/H3C2/H2AX/H2BC8/LGR6/WNT9A/H2AC8/LGR5/H2AC18/H2BC6/SOX4/PSMA7/APC/LEF1/AXIN2/RNF43/PPP2CB/MYC/RSPO2/H2BC7/H3C12,45
R-HSA-112315,Transmission across Chemical Synapses,45/1293,206/9301,0.218446601941748,1.57136260221206,3.33213642268433,0.00112989765477235,0.0113753209838568,0.0113753209838568,NEFL/KIF17/ACHE/CACNA1A/CHRNA7/GNG2/GLRB/ADCY9/KPNA2/GRIN1/CAMK2G/GNG7/RIMS1/MAPT/PRKAR2B/CAMK2D/CAMK2B/BCHE/VAMP2/CAMK2A/CHRFAM7A/ADCY5/NPTN/GNAL/MAOA/TUBAL3/DLG2/GRIK3/NAAA/PRKACB/CHRNA1/CALM1/SLC6A4/GRIN2D/GNG4/TSPAN7/GNAI1/PRKCB/CACNB1/APBA1/CACNB2/ADCY6/SYN1/RAB3A/SLC1A1,45
R-HSA-442982,Ras activation upon Ca2+ influx through NMDA receptor,9/1293,21/9301,0.428571428571429,3.0828637719589,3.83950493321796,0.00114599605536891,0.0113835608166645,0.0113835608166645,NEFL/GRIN1/CAMK2G/CAMK2D/CAMK2B/CAMK2A/DLG2/CALM1/GRIN2D,9
R-HSA-9617324,Negative regulation of NMDA receptor-mediated neuronal transmission,9/1293,21/9301,0.428571428571429,3.0828637719589,3.83950493321796,0.00114599605536891,0.0113835608166645,0.0113835608166645,NEFL/GRIN1/CAMK2G/CAMK2D/CAMK2B/CAMK2A/DLG2/CALM1/GRIN2D,9
R-HSA-390522,Striated Muscle Contraction,10/1293,25/9301,0.4,2.87733952049497,3.77668846275687,0.00116429853912635,0.0114887736642269,0.0114887736642269,TMOD1/TNNT2/TNNI2/DMD/MYH3/TNNT3/TNNI3/DES/TPM1/ACTA1,10
R-HSA-1474244,Extracellular matrix organization,58/1293,283/9301,0.204946996466431,1.47425523134901,3.25558423601585,0.00125855442544322,0.0123371453546737,0.0123371453546737,MATN3/CD44/BMP2/ICAM5/BSG/BMP7/MMP10/ADAMTS8/P3H2/CEACAM1/MMP12/MMP3/MUSK/SCUBE1/CMA1/TNC/CAPN5/FGF2/ADAM12/TPSAB1/SNTB1/MMP1/SGCA/DMD/ITGA2/MMP7/LOXL4/A2M/COL21A1/COL28A1/FBLN2/COL7A1/ACAN/DTNA/MMP11/MFAP4/ACTG2/EFEMP2/MMP13/SNTG2/NRXN1/PDGFA/COL11A1/NCAM1/MADCAM1/ITGA8/DST/ADAMTS1/VTN/ACTA1/MMP9/TTR/ADAMTS16/COL10A1/LTBP4/CTSG/CAPN2/TNXB,58
R-HSA-446728,Cell junction organization,61/1293,302/9301,0.201986754966887,1.4529611817069,3.21548164684549,0.0013869349671292,0.0135067522942647,0.0135067522942647,FBLIM1/ZEB2/CLDN1/MTBP/FOXP2/H2BC15/FOXF1/H2BC10/H2BC9/ZEB1/H4C11/TGIF2/KLF9/KLF4/CLDN8/H2BC17/H2BC26/ADAM33/H2BC13/SOX10/CDH19/H2AC14/CDH3/TWIST2/CLDN2/H3C7/H2BC14/FLNC/H2AC19/H4C9/CLDN9/H3C8/IL6R/H4C12/H4C14/H4C15/RB1/H3C11/FOXA2/H2BC11/EZH2/H3C2/H2AX/H2BC8/FOXQ1/ACTG2/CLDN5/H2AC8/H2AC18/H2BC6/PSMA7/CLDN23/VCL/DST/IL6ST/ACTA1/MYC/RPN2/LIMS2/H2BC7/H3C12,61
R-HSA-5693606,DNA Double Strand Break Response,21/1293,77/9301,0.272727272727273,1.96182240033748,3.40533080642592,0.00146097862791417,0.01413544256878,0.01413544256878,H2BC15/H2BC10/H2BC9/H4C11/KPNA2/H2BC17/H2BC26/H2BC13/H2BC14/H4C9/H4C12/H4C14/H4C15/H2BC11/ABL1/H2AX/H2BC8/H2BC6/EYA4/H2BC7/EYA2,21
R-HSA-9843940,Regulation of endogenous retroelements by KRAB-ZFP proteins,26/1293,104/9301,0.25,1.79833720030936,3.28971782154881,0.00172223444453203,0.0165556730474369,0.0165556730474369,H2BC15/H2BC10/H2BC9/H4C11/H2BC17/H2BC26/H2BC13/H2AC14/H3C7/H2BC14/H2AC19/H4C9/H3C8/H4C12/H4C14/H4C15/H3C11/H2BC11/H3C2/H2AX/H2BC8/H2AC8/H2AC18/H2BC6/H2BC7/H3C12,26
R-HSA-159418,Recycling of bile acids and salts,6/1293,11/9301,0.545454545454545,3.92364480067496,3.89844847190912,0.00176198533727975,0.016625632598104,0.016625632598104,SLC51A/ABCB11/SLC51B/FABP6/NR1H4/RXRA,6
R-HSA-9764790,Positive Regulation of CDH1 Gene Transcription,6/1293,11/9301,0.545454545454545,3.92364480067496,3.89844847190912,0.00176198533727975,0.016625632598104,0.016625632598104,ZEB2/FOXP2/KLF9/KLF4/RB1/FOXA2,6
R-HSA-1296071,Potassium Channels,18/1293,63/9301,0.285714285714286,2.05524251463927,3.3768539714238,0.00176298654396002,0.016625632598104,0.016625632598104,KCNA6/KCNN3/KCNN4/HCN2/GNG2/GNG7/KCNH8/KCNN2/KCNA2/KCNQ4/KCNB1/KCND3/KCNMA1/GNG4/KCNQ1/ABCC8/KCNA5/KCNV2,18
R-HSA-5663220,RHO GTPases Activate Formins,32/1293,138/9301,0.231884057971015,1.66802291043187,3.17680649256062,0.0020752582308664,0.0194473884527732,0.0194473884527732,CENPH/CENPN/AURKB/SGO1/CENPI/CENPA/MAD2L1/BUB1B/KIF18A/BUB1/CDC20/DYNC1I1/CDCA8/KIF2C/CENPF/TUBAL3/CENPE/KNTC1/SGO2/ERCC6L/SPC24/CENPK/SPDL1/PLK1/DIAPH3/KNL1/ZWINT/NUF2/SKA1/SPC25/PPP2CB/BIRC5,32
R-HSA-6783783,Interleukin-10 signaling,13/1293,40/9301,0.325,2.33783836040217,3.40708840525407,0.00213486339633472,0.0198809153783671,0.0198809153783671,IL1RN/IL1A/CCL20/IL1R2/CD80/CXCL8/CCL3/CSF1/CCL3L3/CCL22/CXCL10/LIF/CXCL1,13
R-HSA-195721,Signaling by WNT,59/1293,296/9301,0.199324324324324,1.43380938943584,3.0477662053828,0.00227462818949041,0.0210339701865795,0.0210339701865795,H2BC15/WNT5B/H2BC10/H2BC9/GNAO1/H4C11/GNG2/PDE6A/TCF7/H2BC17/H2BC26/GNG7/H2BC13/H2AC14/CLTB/WNT3/SOX9/CAMK2A/ITPR1/H3C7/ZNRF3/TCF7L1/SFRP1/H2BC14/H2AC19/H4C9/H3C8/CAV1/H4C12/H4C14/H4C15/PRKG1/H3C11/H2BC11/H3C2/H2AX/H2BC8/LGR6/WLS/WNT9A/H2AC8/LGR5/H2AC18/H2BC6/CALM1/SOX4/PSMA7/APC/GNG4/LEF1/AXIN2/PRKG2/PRKCB/RNF43/PPP2CB/MYC/RSPO2/H2BC7/H3C12,59
R-HSA-418457,cGMP effects,7/1293,15/9301,0.466666666666667,3.35689610724414,3.67071303006538,0.00228691487934622,0.0210339701865795,0.0210339701865795,PDE9A/ITPR1/PDE5A/PRKG1/KCNMA1/PDE2A/PRKG2,7
R-HSA-5579029,Metabolic disorders of biological oxidation enzymes,10/1293,27/9301,0.37037037037037,2.66420325971757,3.47963274509001,0.00231106028761619,0.0211256431199271,0.0211256431199271,AHCY/MAT1A/CYP26B1/CYP24A1/CYP27B1/MAOA/UGT1A1/CYP21A2/CYP19A1/UGT1A4,10
R-HSA-9748784,Drug ADME,21/1293,80/9301,0.2625,1.88825406032483,3.2060617911113,0.0024469997242918,0.0222318877389925,0.0222318877389925,PCK1/HSD11B2/BSG/NME1/UGT2B15/BCHE/ADH1A/UGT1A5/CES2/UGT1A8/UGT1A1/SLC22A3/SLC28A3/UGT1A3/GGT6/ABCC2/UGT2B17/IMPDH1/UGT1A4/SLC28A2/UGT1A10,21
R-HSA-5689901,Metalloprotease DUBs,12/1293,36/9301,0.333333333333333,2.39778293374581,3.37634624077475,0.00246420545854327,0.0222525220195725,0.0222525220195725,H2AC16/H2AC25/KAT2B/H2AC14/H2AC15/H2AC19/H2AC11/H2AC17/H2AC12/H2AC8/H2AC18/H2AC13,12
R-HSA-9937848,CHD chromatin remodelers,34/1293,152/9301,0.223684210526316,1.60903854764522,3.04199478922859,0.00288881970511482,0.0258922664922807,0.0258922664922807,H2BC15/PCK1/H2BC10/H2BC9/H4C11/CBX3/H2BC17/H2BC26/H2BC13/H2AC14/NKD2/H3C7/H2BC14/H2AC19/H4C9/SNRPE/H3C8/H4C12/H4C14/H4C15/H3C11/PHF6/H2BC11/H3C2/H2AX/H2BC8/H2AC8/H2AC18/SNRPB/H2BC6/AXIN2/CHD5/H2BC7/H3C12,34
R-HSA-418990,Adherens junctions interactions,51/1293,251/9301,0.203187250996016,1.46159676837892,2.97888704210156,0.00290201913034287,0.0258922664922807,0.0258922664922807,ZEB2/MTBP/FOXP2/H2BC15/FOXF1/H2BC10/H2BC9/ZEB1/H4C11/TGIF2/KLF9/KLF4/H2BC17/H2BC26/ADAM33/H2BC13/SOX10/CDH19/H2AC14/CDH3/TWIST2/H3C7/H2BC14/H2AC19/H4C9/H3C8/IL6R/H4C12/H4C14/H4C15/RB1/H3C11/FOXA2/H2BC11/EZH2/H3C2/H2AX/H2BC8/FOXQ1/ACTG2/H2AC8/H2AC18/H2BC6/PSMA7/VCL/IL6ST/ACTA1/MYC/RPN2/H2BC7/H3C12,51
R-HSA-5693565,Recruitment and ATM-mediated phosphorylation of repair and signaling proteins at DNA double strand breaks,20/1293,76/9301,0.263157894736842,1.89298652664143,3.14085017041172,0.00297311895260184,0.0262127055584422,0.0262127055584422,H2BC15/H2BC10/H2BC9/H4C11/H2BC17/H2BC26/H2BC13/H2BC14/H4C9/H4C12/H4C14/H4C15/H2BC11/ABL1/H2AX/H2BC8/H2BC6/EYA4/H2BC7/EYA2,20
R-HSA-418346,Platelet homeostasis,20/1293,76/9301,0.263157894736842,1.89298652664143,3.14085017041172,0.00297311895260184,0.0262127055584422,0.0262127055584422,PDE9A/GNG2/GNG7/P2RX4/ITPR1/NOS1/PDE5A/PRKG1/ATP2A3/SRI/KCNMA1/CALM1/P2RX1/GNG4/PDE2A/STIM1/LRP8/PRKG2/PPP2CB/SLC8A1,20
R-HSA-6805567,Keratinization,16/1293,56/9301,0.285714285714286,2.05524251463927,3.18252292259313,0.00310914792579078,0.0268002921959193,0.0268002921959193,DSC3/KRT6B/SPRR2D/KRT17/KRT20/KRT18/SPRR2A/KLK12/CSTA/KRT80/EVPL/LIPM/KRTAP5-1/PKP1/KRT23/DSG3,16
R-HSA-111932,CaMK IV-mediated phosphorylation of CREB,6/1293,12/9301,0.5,3.59667440061872,3.61661552724036,0.00311171177845237,0.0268002921959193,0.0268002921959193,KPNA2/CAMK2G/CAMK2D/CAMK2B/CAMK2A/CALM1,6
R-HSA-1237044,Erythrocytes take up carbon dioxide and release oxygen,6/1293,12/9301,0.5,3.59667440061872,3.61661552724036,0.00311171177845237,0.0268002921959193,0.0268002921959193,CA1/HBA1/HBB/CA2/CA4/HBA2,6
R-HSA-1480926,O2/CO2 exchange in erythrocytes,6/1293,12/9301,0.5,3.59667440061872,3.61661552724036,0.00311171177845237,0.0268002921959193,0.0268002921959193,CA1/HBA1/HBB/CA2/CA4/HBA2,6
R-HSA-156711,Polo-like kinase mediated events,7/1293,16/9301,0.4375,3.14709010054138,3.45380657023455,0.00358237461427771,0.0306766561797345,0.0306766561797345,CCNB2/MYBL2/FOXM1/CENPF/CCNB1/PLK1/PKMYT1,7
R-HSA-9909648,Regulation of PD-L1(CD274) expression,40/1293,190/9301,0.210526315789474,1.51438922131314,2.87848745658662,0.00414845718959577,0.0353211497857011,0.0353211497857011,H2BC15/H2BC10/H2BC9/H4C11/TCF7/H2BC17/H2BC26/H2BC13/FOS/CDK4/H2AC14/H3C7/TCF7L1/H2BC14/H2AC19/H4C9/H3C8/ATF3/H4C12/H4C14/H4C15/H3C11/H2BC11/EZH2/NEK2/H3C2/H2AX/H2BC8/H2AC8/H2AC18/H2BC6/FOSB/PSMA7/LEF1/MYC/RPN2/JUND/EPAS1/H2BC7/H3C12,40
R-HSA-163685,Integration of energy metabolism,23/1293,95/9301,0.242105263157895,1.74154760451012,2.91906696559745,0.00475716682649785,0.0399784313534904,0.0399784313534904,CACNA1A/RAP1A/ACACB/GNG2/ADCY9/GNG7/PRKAR2B/VAMP2/ITPR1/ADCY5/CACNA1C/KCNB1/GNA14/PRKACB/GNA11/GNG4/GNAI1/ABCC8/GNAQ/PPP2CB/CACNB2/ADCY6/GCG,23
R-HSA-157118,Signaling by NOTCH,45/1293,221/9301,0.203619909502262,1.46470903192617,2.80939645724223,0.00476072467383868,0.0399784313534904,0.0399784313534904,KAT2A/CNTN1/H2BC15/H2BC10/H2BC9/H4C11/GZMB/H2BC17/H2BC26/PBX1/H2BC13/POFUT1/KAT2B/H2AC14/NEURL1/HDAC9/H3C7/ST3GAL4/H2BC14/H2AC19/H4C9/H3C8/E2F1/H4C12/H4C14/H4C15/H3C11/ATP2A3/ARRB1/H2BC11/JAG2/H3C2/H2AX/H2BC8/H2AC8/H2AC18/H2BC6/PSMA7/E2F3/NEURL1B/MYC/LFNG/DLGAP5/H2BC7/H3C12,45
R-HSA-381676,Glucagon-like Peptide-1 (GLP1) regulates insulin secretion,11/1293,34/9301,0.323529411764706,2.3272599062827,3.11533358437603,0.00479003401864012,0.0399784313534904,0.0399784313534904,RAP1A/GNG2/GNG7/PRKAR2B/ITPR1/ADCY5/KCNB1/PRKACB/GNG4/ADCY6/GCG,11
R-HSA-156580,Phase II - Conjugation of compounds,20/1293,79/9301,0.253164556962025,1.82110096233859,2.94493865319396,0.00480277799481529,0.0399784313534904,0.0399784313534904,GGCT/HPGDS/UGP2/AHCY/UGT2B15/SULT1B1/UGT1A5/MAT1A/SULT1C2/UGT1A8/GSTM5/UGT1A1/UGT1A3/GGT6/UGT2B17/SULT1A2/SULT2B1/UGT1A4/UGDH/UGT1A10,20
R-HSA-6804116,TP53 Regulates Transcription of Genes Involved in G1 Cell Cycle Arrest,6/1293,13/9301,0.461538461538462,3.32000713903266,3.36340060957326,0.00510494696887974,0.0420241490808333,0.0420241490808333,CDK2/E2F1/CDKN1A/ARID3A/E2F7/CCNA2,6
R-HSA-200425,Carnitine shuttle,6/1293,13/9301,0.461538461538462,3.32000713903266,3.36340060957326,0.00510494696887974,0.0420241490808333,0.0420241490808333,CPT1A/CPT2/ACACB/SLC22A5/RXRA/SLC25A20,6
R-HSA-392154,Nitric oxide stimulates guanylate cyclase,8/1293,21/9301,0.380952380952381,2.74032335285236,3.20807351331804,0.00516556172617912,0.0422625524753004,0.0422625524753004,PDE9A/ITPR1/NOS1/PDE5A/PRKG1/KCNMA1/PDE2A/PRKG2,8
R-HSA-2555396,Mitotic Metaphase and Anaphase,45/1293,222/9301,0.202702702702703,1.45811124349407,2.77592120554903,0.00519063563958388,0.0422625524753004,0.0422625524753004,CENPH/CENPN/AURKB/RAN/SGO1/CENPI/CCNB2/CENPA/MAD2L1/BUB1B/KIF18A/BUB1/CDC20/ESPL1/DYNC1I1/CDCA8/CHMP4C/KIF2C/CENPF/UBE2C/UBE2S/TUBAL3/CDK1/CENPE/CCNB1/KNTC1/CDCA5/SGO2/ERCC6L/SPC24/LMNB1/CENPK/SPDL1/FBXO5/NUP58/PLK1/PSMA7/KNL1/ZWINT/TMPO/NUF2/SKA1/SPC25/PPP2CB/BIRC5,45
R-HSA-1500931,Cell-Cell communication,63/1293,332/9301,0.189759036144578,1.36500293517457,2.72127286521929,0.00541262596701234,0.0438305037546108,0.0438305037546108,FBLIM1/ZEB2/CLDN1/MTBP/FOXP2/KIRREL3/H2BC15/FOXF1/H2BC10/H2BC9/ZEB1/H4C11/TGIF2/KLF9/KLF4/CLDN8/H2BC17/H2BC26/ADAM33/H2BC13/SOX10/CDH19/H2AC14/CDH3/TWIST2/CLDN2/H3C7/H2BC14/FLNC/H2AC19/H4C9/CLDN9/H3C8/IL6R/MAGI2/H4C12/H4C14/H4C15/RB1/H3C11/FOXA2/H2BC11/EZH2/H3C2/H2AX/H2BC8/FOXQ1/ACTG2/CLDN5/H2AC8/H2AC18/H2BC6/PSMA7/CLDN23/VCL/DST/IL6ST/ACTA1/MYC/RPN2/LIMS2/H2BC7/H3C12,63
R-HSA-983189,Kinesins,15/1293,54/9301,0.277777777777778,1.99815244478818,2.95577948417967,0.00552573775431259,0.0442653185694933,0.0442653185694933,KIF4A/KIF18A/KIF15/KIF1C/KIF1A/KIF11/KIF2C/KIF18B/RACGAP1/TUBAL3/CENPE/KIF23/KIF20A/KIFC1/KIF12,15
R-HSA-6809371,Formation of the cornified envelope,15/1293,54/9301,0.277777777777778,1.99815244478818,2.95577948417967,0.00552573775431259,0.0442653185694933,0.0442653185694933,DSC3/KRT6B/SPRR2D/KRT17/KRT20/KRT18/SPRR2A/KLK12/CSTA/KRT80/EVPL/LIPM/PKP1/KRT23/DSG3,15
R-HSA-111933,Calmodulin induced events,11/1293,35/9301,0.314285714285714,2.26076676610319,3.00262662303428,0.00612549151391616,0.0485477784879526,0.0485477784879526,ADCY9/KPNA2/CAMK2G/PRKAR2B/CAMK2D/CAMK2B/CAMK2A/ADCY5/PRKACB/CALM1/ADCY6,11
R-HSA-111997,CaM pathway,11/1293,35/9301,0.314285714285714,2.26076676610319,3.00262662303428,0.00612549151391616,0.0485477784879526,0.0485477784879526,ADCY9/KPNA2/CAMK2G/PRKAR2B/CAMK2D/CAMK2B/CAMK2A/ADCY5/PRKACB/CALM1/ADCY6,11
R-HSA-445095,Interaction between L1 and Ankyrins,9/1293,26/9301,0.346153846153846,2.4900053542745,3.05700569900847,0.00636885395462737,0.0499452231178673,0.0499452231178673,SPTB/SCN4A/SPTBN4/SPTBN2/SPTBN5/SCN4B/SCN9A/ANK2/SCN7A,9
R-HSA-1296072,Voltage gated Potassium channels,9/1293,26/9301,0.346153846153846,2.4900053542745,3.05700569900847,0.00636885395462737,0.0499452231178673,0.0499452231178673,KCNA6/KCNH8/KCNA2/KCNQ4/KCNB1/KCND3/KCNQ1/KCNA5/KCNV2,9
