ID,Description,setSize,enrichmentScore,NES,pvalue,p.adjust,qvalue,rank,leading_edge,core_enrichment,log2err
hsa04110,Cell cycle,153,0.683807227446544,2.33967348742863,1e-10,3.40308652371991e-08,1.72087497717165e-08,1680,"tags=39%, list=10%, signal=35%",7272/5347/9319/983/4085/891/113130/699/701/990/991/994/8318/10926/9088/9133/890/4998/57082/90381/81620/9700/26271/9212/1111/151648/1869/157570/1875/4609/27085/4176/1019/4173/4171/8317/5111/3066/1871/23594/5933/5591/6502/1017/5925/545/7027/4175/9232/993/10403/9134/4172/898/995/4999/64682/8881/10459,
hsa05322,Systemic lupus erythematosus,121,0.665437724172817,2.22000371625476,4.19645617218412e-09,3.69288143152203e-07,1.86741865211862e-07,3104,"tags=58%, list=18%, signal=48%",8348/8336/8363/8356/8362/8970/8329/8332/8969/8343/8331/8341/92815/8339/717/8346/85235/8355/8358/8354/8294/8968/8330/8345/941/8342/8337/8344/128312/6628/8340/8370/3012/2214/554313/723790/3014/2904/3017/440689/8352/8368/8351/8360/6741/8335/3013/8347/3018/317772/653604/333932/126961/9555/8334/54145/8338/102724334/440686/3015/8349/8366/102723407/6632/8357/3122/2212/8350/940/85236,0.761460801445585
hsa04022,cGMP-PKG signaling pathway,135,-0.657201232763752,-2.11882043330816,1.42446914203155e-09,1.67137712665036e-07,8.45183057974572e-08,3032,"tags=44%, list=17%, signal=37%",154/5605/5997/805/4776/140/5894/6093/207/483/478/10398/107/10000/6722/4881/487/5581/7225/4205/3779/5532/493/5500/5140/1910/10335/572/3643/4625/4659/490/5595/5139/4209/153/477/10672/5592/2770/112/801/775/8654/4638/3708/291/2776/624/111/489/84699/4208/6546/5138/2767/5593/115/5350/3778,0.788186810800237
hsa04976,Bile secretion,64,-0.741648042849693,-2.11025955267652,7.92521570705762e-08,4.6494598814738e-06,2.35114185655371e-06,1638,"tags=47%, list=9%, signal=43%",79799/2052/1576/54577/54600/5566/477/6256/112/7367/8671/7366/54579/5567/111/9971/54657/3781/54659/54575/6548/6550/54658/54576/8647/115/200931/123264/760/343,0.704975715167238
hsa04020,Calcium signaling pathway,192,-0.617103651542467,-2.07105516965309,1.93357188847722e-10,3.40308652371991e-08,1.72087497717165e-08,2064,"tags=36%, list=12%, signal=32%",219931/5156/3360/5578/5137/487/80310/8913/116443/2255/5532/493/1910/9127/8912/490/5566/5154/818/4916/6869/153/1816/2254/6786/9630/5979/801/100130933/3707/775/5025/3706/845/6261/4638/3708/291/2776/817/624/84812/4915/5567/6262/2902/89832/489/2277/1139/5579/815/113026/5333/816/2774/2263/6546/5023/2767/2247/2260/773/115/51196/5350/6263/4842/6865,0.826657301178302
hsa04923,Regulation of lipolysis in adipocytes,50,-0.746344815961068,-2.06692225403466,2.63631308515543e-06,6.18654803983141e-05,3.12841758286497e-05,2134,"tags=46%, list=12%, signal=40%",107/10000/364/5295/4881/63924/57104/5140/3643/5566/153/5592/2770/112/51099/5567/111/11343/4886/5742/5593/115/54979,0.627256739718528
hsa04921,Oxytocin signaling pathway,127,-0.643013787591132,-2.05002521791597,3.68452877596253e-08,2.59390825827762e-06,1.31168919263019e-06,3121,"tags=46%, list=18%, signal=38%",4772/8605/5605/5997/805/140465/3759/4776/9254/814/5894/781/5565/6093/51422/1956/4637/29904/10398/107/4881/5578/3768/1827/4660/5532/5500/55799/5563/4659/5595/5566/818/54776/2770/112/801/775/6261/5598/4638/3708/2775/2776/1026/817/5567/6262/111/783/5579/815/2353/816/4208/782/115/6263,0.719512826338911
hsa04261,Adrenergic signaling in cardiomyocytes,121,-0.632197045815513,-2.01949188750921,1.68843716887925e-07,8.49042690636422e-06,4.29344452655757e-06,2547,"tags=43%, list=15%, signal=37%",4633/781/5526/5502/207/483/478/107/10000/5578/487/11149/7169/493/64091/5500/9252/55799/6331/4625/490/5595/7168/5566/818/153/477/2770/112/801/775/596/2776/817/5567/6262/5516/111/783/489/6330/815/84699/816/6332/782/6546/6548/115/5523/5521/5350,0.690132458796796
hsa03030,DNA replication,36,0.749015246320034,2.00536712854606,4.1294153107049e-05,0.000519126496202901,0.000262512219738053,3015,"tags=72%, list=17%, signal=60%",5984/5983/4176/10535/4173/4171/3978/5111/5422/29935/4175/5557/6742/5424/4172/5425/2237/23649/79621/5982/5427/5558/5985/4174/1763/54107,0.557332238758646
hsa04971,Gastric acid secretion,56,-0.695793344933897,-2.00370930031612,7.14231503470733e-06,0.000139671938456499,7.06293954701195e-05,1145,"tags=36%, list=7%, signal=33%",5566/818/477/2770/112/801/6752/4638/3708/2776/817/5567/111/5579/815/816/6548/115/760/6750,0.610526878385931
hsa04713,Circadian entrainment,81,-0.660717704837668,-1.98888882933106,2.59264688865803e-06,6.18654803983141e-05,3.12841758286497e-05,1439,"tags=42%, list=8%, signal=39%",9252/8912/55970/5595/5566/818/51655/5592/2770/112/801/775/6261/3708/2775/2776/2788/817/54331/5567/6262/2902/111/8863/5579/815/5187/2353/816/5593/115/6263/117/4842,0.627256739718528
hsa04925,Aldosterone synthesis and secretion,80,-0.668095756587722,-1.98773562781665,1.77878650559938e-06,5.21777374975817e-05,2.63852717817085e-05,2292,"tags=40%, list=13%, signal=35%",483/478/107/4881/5578/5581/6770/8913/493/4929/3777/8912/490/5566/818/477/112/801/775/3708/2776/817/5567/111/5579/815/84699/816/1589/5138/2767/115,0.643551836150722
hsa00830,Retinol metabolism,48,-0.730384334742781,-1.98237305233022,5.28179845740286e-06,0.000116199566062863,5.87598711352198e-05,1638,"tags=46%, list=9%, signal=42%",79799/130/1576/54577/8630/54600/316/7367/7366/125/54579/54657/54659/126/54575/56603/54658/54576/54884/5959/124/10170,0.610526878385931
hsa00982,Drug metabolism - cytochrome P450,53,-0.692873689488196,-1.97095513339482,2.90738639603864e-05,0.000426416671419001,0.000215630656046811,1718,"tags=43%, list=10%, signal=39%",2953/79799/130/1576/54577/2946/54600/4129/316/7367/27306/7366/125/4128/54579/54657/54659/2949/126/54575/54658/54576/124,0.575610261071129
hsa05323,Rheumatoid arthritis,82,0.624949550647341,1.95987073013644,3.70336972205558e-05,0.000501379285447525,0.000253537798814386,1113,"tags=23%, list=6%, signal=22%",4312/4314/3552/3576/6374/6372/3589/8600/414062/2919/3553/6348/941/245973/7422/1493/6364/9296/2921,0.557332238758646
hsa04728,Dopaminergic synapse,110,-0.627571742461907,-1.95579146922178,1.09216974766079e-06,3.49494319251454e-05,1.76732511639474e-05,2008,"tags=32%, list=12%, signal=28%",10000/5578/6571/5532/5500/55970/5566/818/1816/4129/2770/801/775/3708/2775/2776/2788/817/54331/408/5602/4128/5567/5516/111/5579/815/84699/2353/816/2774/773/5523/3800/5521,0.643551836150722
hsa04978,Mineral absorption,47,-0.699230244458348,-1.95517330548038,6.01351090396389e-05,0.000682824463933964,0.000345291113109917,1215,"tags=36%, list=7%, signal=34%",490/477/7018/1181/4494/79901/4502/4495/4496/6546/6550/4493/4501/4499/340024/140803/1811,0.557332238758646
hsa00053,Ascorbate and aldarate metabolism,24,-0.80859746672611,-1.92755754640832,2.13951915482185e-05,0.000327439453259692,0.000165579792851528,1638,"tags=50%, list=9%, signal=45%",79799/54577/54600/7367/7366/54579/54657/54659/54575/7358/54658/54576,0.575610261071129
hsa04725,Cholinergic synapse,93,-0.629696883904383,-1.9224242548214,6.37902210809705e-06,0.000132083281297068,6.67919584478824e-05,2386,"tags=40%, list=14%, signal=34%",207/2785/107/10000/5295/5578/3768/3786/55970/5595/5566/818/1132/2770/112/775/596/3708/2775/2776/2788/817/54331/5567/89832/111/1139/5579/815/84699/2353/816/9132/2767/773/115/43,0.610526878385931
hsa04613,Neutrophil extracellular trap formation,176,0.549456285406475,1.91905572391808,4.84804364194176e-07,1.7065113619635e-05,8.62949760634356e-06,2601,"tags=38%, list=15%, signal=32%",8348/8336/8363/8356/8362/8970/8329/8332/8969/8343/8331/8341/92815/8339/8346/85235/8355/8358/8354/8294/8968/8330/8345/8342/8337/3066/8344/128312/8340/8370/3012/2214/554313/723790/5332/3014/1184/3017/440689/5335/8352/8368/8351/8360/3146/8335/3013/8347/3018/317772/653604/333932/126961/9555/5582/8334/6850/1183/54145/8338/102724334/440686/3015/8349/8366/102723407,0.659444398037935
hsa04740,Olfactory transduction,40,-0.717200805957008,-1.89561564657699,0.000146707590417301,0.00141097883759012,0.000713504684057636,1145,"tags=42%, list=7%, signal=40%",5566/818/5592/801/2788/817/408/5567/57101/815/81285/816/2774/6546/1261/5138/5593,0.518848077743792
hsa04371,Apelin signaling pathway,119,-0.596386349685467,-1.8932197274887,1.13184363009212e-05,0.000199204478896213,0.000100733848723391,2987,"tags=41%, list=17%, signal=34%",8678/4088/5605/805/814/5894/2475/4633/4087/5565/207/51422/22800/2785/5327/107/10000/4089/5581/4205/5140/5563/55970/9759/5595/4209/5566/10672/2770/112/10891/801/10365/1958/6261/4638/3708/2776/2788/54331/5567/6262/111/4208/6546/6548/115/6263/4842,0.593325476396405
hsa04024,cAMP signaling pathway,173,-0.570997443941391,-1.88616884638672,2.54019657924977e-07,9.93499106551023e-06,5.02393265757225e-06,2504,"tags=38%, list=14%, signal=33%",5732/6093/207/22800/483/2033/478/10398/64399/107/3360/10000/5295/4881/487/7074/11149/7434/116443/493/64091/5500/5140/572/5143/4659/490/5595/5139/610/5566/818/153/1816/477/2770/112/801/5906/775/7432/51/6752/817/5602/5567/6262/2902/111/489/2641/815/84699/4886/2353/816/5144/1261/6548/1908/115/51196/5350/117/5348/6750,0.674962860011025
hsa04911,Insulin secretion,69,-0.640391965219886,-1.88220278304344,5.66881026100838e-05,0.000665140403958316,0.000336348626313069,1145,"tags=35%, list=7%, signal=33%",5566/818/477/112/775/5864/2776/817/5567/6262/111/6844/3781/2641/6833/5579/815/84699/816/2767/115/3782/117/3778,0.557332238758646
hsa03013,Nucleocytoplasmic transport,103,0.577214334134781,1.87437455118082,4.02533045288783e-05,0.000519126496202901,0.000262512219738053,4262,"tags=50%, list=25%, signal=38%",1434/8480/11260/3838/9818/29107/5901/55110/3843/57122/57510/79023/348995/84321/23225/129401/57187/9631/55706/79902/64328/11097/4116/7514/23165/9688/7329/65109/51068/55161/65110/10189/79228/23279/402569/55916/10527/23511/10284/4686/79711/22916/9984/5905/387082/9775/6613/7919/55705/3842/80145/10921,0.557332238758646
hsa00980,Metabolism of xenobiotics by cytochrome P450,56,-0.650577214546608,-1.87349825181877,0.000150595600764049,0.00141097883759012,0.000713504684057636,2902,"tags=52%, list=17%, signal=43%",4259/4257/1645/2947/54578/22977/128/653689/2953/79799/2052/130/1576/54577/2946/54600/7367/27306/7366/125/54579/54657/54659/2949/126/54575/54658/54576/124,0.518848077743792
hsa00140,Steroid hormone biosynthesis,46,-0.685209874107519,-1.86835596260187,0.00021478708280994,0.00180012031307378,0.000910285995103317,1638,"tags=46%, list=9%, signal=41%",79799/412/1576/54577/8630/54600/51170/7367/7366/54579/54657/54659/3291/54575/1589/54658/54576/5959/79154/3294/10170,0.518848077743792
hsa05204,Chemical carcinogenesis - DNA adducts,52,-0.672988683032575,-1.86739811482058,0.000177135649396538,0.00152077435579467,0.000769026152162206,2065,"tags=38%, list=12%, signal=34%",653689/1646/2953/79799/2052/1576/54577/2946/54600/7367/27306/7366/54579/54657/54659/2949/54575/54658/54576/6799,0.518848077743792
hsa04927,Cortisol synthesis and secretion,50,-0.664356280090641,-1.83986376077229,0.00032429394100213,0.00240616546376742,0.00121675129582241,1712,"tags=36%, list=10%, signal=33%",6770/8913/3777/8912/8622/5566/112/5151/775/5087/3708/2776/5567/111/84699/1589/2767/115,0.49849310876659
hsa03008,Ribosome biogenesis in eukaryotes,98,0.575845732179624,1.8394799319388,0.000172253143626933,0.00151582766391701,0.000766524705839082,3585,"tags=52%, list=21%, signal=42%",1736/780851/51602/10813/55127/84128/10799/26354/29107/10885/23160/5901/22803/10528/84135/51096/28987/780853/23560/3692/134430/10940/55651/55131/2091/10171/6949/780852/10199/101929627/55226/101929601/83732/65083/10248/7514/6023/54552/51068/1459/780854/55916/84916/55813/23195/92856/29889/25996/26851/81691/54433,0.518848077743792
hsa03010,Ribosome,192,0.527003256141446,1.83837337840537,2.49858259839532e-06,6.18654803983141e-05,3.12841758286497e-05,4508,"tags=55%, list=26%, signal=41%",200916/6201/6223/6173/6227/100529097/51649/25873/6167/55037/63875/6222/6170/28998/6129/6210/6147/6141/6233/6193/6144/6161/6188/6205/6158/51373/6157/11222/6168/6208/6187/28977/51642/65005/6156/84311/6206/6137/6132/6160/6209/6217/11224/6224/6165/51121/6191/6128/6181/6228/6192/6136/78988/23521/6159/9349/6146/10240/6143/54534/6232/6130/6175/4736/6202/3921/64983/65993/10399/116832/6204/6152/60488/7818/6138/100529239/51187/64949/6150/6134/6142/51253/9045/29088/6207/9801/51073/6189/6133/6169/6125/6183/6230/6155/122704/90480/6154/6194/28973/63931/9553/51650/23107/6218/51258,0.627256739718528
hsa04924,Renin secretion,59,-0.634663550747138,-1.83702763459989,0.00032811347233192,0.00240616546376742,0.00121675129582241,2045,"tags=37%, list=12%, signal=33%",358/4881/5137/5532/5140/5139/5566/153/2770/112/801/775/5734/3708/2776/22802/5567/111/1908/5593/117/3778,0.49849310876659
hsa04922,Glucagon signaling pathway,90,-0.602832809900122,-1.83430299791814,4.47945970722656e-05,0.000543713729980603,0.000274945507893085,2488,"tags=31%, list=14%, signal=27%",5260/5565/5837/207/51422/150094/2033/10000/102724428/2308/5532/5140/5563/5566/818/5105/10891/801/3708/2776/817/1374/5567/2641/815/84699/816/32,0.557332238758646
hsa04730,Long-term depression,52,-0.658656647506141,-1.82762981440429,0.000385855480134536,0.00277185977566034,0.00140167583013681,1212,"tags=29%, list=7%, signal=27%",5595/10672/5592/2770/6261/3708/2775/2776/2781/5516/5579/2767/5593/773/4842,0.49849310876659
hsa04080,Neuroactive ligand-receptor interaction,171,-0.551595689920764,-1.81180911014936,1.07746939541913e-05,0.000199204478896213,0.000100733848723391,1913,"tags=27%, list=11%, signal=24%",5540/2150/5029/7434/100996758/116443/1910/9127/2894/114131/5030/554/6869/153/1132/1816/5697/7433/7432/5025/1134/5734/7068/6752/5028/624/2743/2902/89832/2641/1139/4886/9934/2908/1902/1511/5023/1908/5729/1268/2899/66004/117/6865/9340/6750,0.593325476396405
hsa04517,IgSF CAM signaling,269,-0.525847791855525,-1.81142620501257,2.1825723746211e-07,9.60331844833285e-06,4.85621223567428e-06,2495,"tags=29%, list=14%, signal=25%",4478/382/8499/347733/207/120425/83700/103910/4637/219699/10398/7082/5376/10000/6586/5295/5578/5792/26047/23114/7225/57513/3786/23705/92154/5802/2308/3897/58494/57524/84552/79827/54413/4685/8976/3690/7280/5362/57863/1630/5595/64221/26050/3742/4916/9223/9863/25/3737/30835/7414/22999/145581/57731/5906/4629/4638/57502/5602/8633/5063/94030/4133/5579/84623/79861/8777/6900/2260/4359/5803/23136/1272/9423/10580/287/4684/22871,0.690132458796796
hsa00100,Steroid biosynthesis,19,0.740750559389277,1.80533830978522,0.0040871556848827,0.0179834850134839,0.00909390024212999,3105,"tags=47%, list=18%, signal=39%",1056/1591/1594/51478/6713/50814/1717/3930/10682,0.407017918923954
hsa04081,Hormone signaling,132,-0.571111655874377,-1.80407783514428,1.55485182251815e-05,0.000260622781679233,0.000131791895488572,1341,"tags=25%, list=8%, signal=23%",114131/3690/55970/3643/554/5566/153/1816/9630/10672/5592/2770/112/7433/7432/7068/6752/2775/2776/4352/2788/54331/5567/111/2641/2767/5593/115/2981/2852/4842/6750/2980,0.575610261071129
hsa00040,Pentose and glucuronate interconversions,30,-0.726541532932143,-1.80386260682582,0.000504267838920404,0.00334909960943363,0.00169357483971043,1747,"tags=53%, list=10%, signal=48%",729920/79799/54577/54600/441282/7367/7366/54579/54657/54659/54575/7358/7360/54658/54576/57016,0.477270815362862
hsa03460,Fanconi anemia pathway,54,0.62686127955768,1.80232523002861,0.00044932244916983,0.00310120592368196,0.00156821980161913,4567,"tags=50%, list=26%, signal=37%",675/641/2187/2177/29089/55215/83990/29935/545/2189/672/7398/79728/2188/146956/116028/5888/9894/84464/2175/5395/57697/2178/2067/548593/353497/8940,0.49849310876659
hsa03440,Homologous recombination,41,0.666459866401091,1.79874774914058,0.000724049158111142,0.00455116613669861,0.00230143661261791,3116,"tags=44%, list=18%, signal=36%",675/7516/25788/8438/641/83990/29935/4361/6742/5424/672/5425/11073/79728/146956/7979/5888/10111,0.477270815362862
hsa00071,Fatty acid degradation,40,-0.680247479145659,-1.79794522580384,0.000891296458335899,0.00531756531074977,0.00268898983877215,2838,"tags=60%, list=16%, signal=50%",217/8310/1892/1962/128/1632/3033/34/23205/130/3030/3032/37/30/51/38/10455/125/1376/1374/35/10449/126/124,0.477270815362862
hsa03040,Spliceosome,149,0.526502340309502,1.79743507006818,7.792487073617e-05,0.000857173578097869,0.000433456085045083,5169,"tags=54%, list=30%, signal=38%",6635/6628/3310/51691/10465/55110/23450/6636/6633/84321/57187/23350/6629/6431/6637/55660/144983/4116/56259/23658/6627/10772/51690/24148/51340/6631/10189/79228/6100/9129/51645/27339/6632/27316/10946/9128/23451/1665/51639/6626/51634/6432/3312/11338/4686/55119/10915/3183/22916/11157/9984/57819/9343/8896/6428/1659/9775/8683/7919/6625/80145/10084/22827/84950/6426/8175/25766/9879/10713/988/51362/220988/9716/26121/3192/25804/84991/2521/6634/23020,0.538434096309916
hsa04935,"Growth hormone synthesis, secretion and action",106,-0.57417153915205,-1.79070771571644,3.68192520584161e-05,0.000501379285447525,0.000253537798814386,3151,"tags=34%, list=18%, signal=28%",9564/5293/6751/5605/5336/5894/2690/2475/6655/207/2033/107/10000/5295/5578/5608/1398/5595/5566/2770/112/775/8835/6752/3708/2776/5602/5567/111/399694/5579/84699/2353/2767/115/6750,0.557332238758646
hsa04115,p53 signaling pathway,74,0.587804454713222,1.77232058004039,0.000312221824636003,0.00240616546376742,0.00121675129582241,2528,"tags=32%, list=15%, signal=28%",5268/983/7161/891/6241/51512/9133/1111/1019/1017/545/64065/9134/841/898/10848/637/3732/8797/595/11200/5366/8795/598,0.49849310876659
hsa04820,Cytoskeleton in muscle cells,196,-0.521944912863372,-1.75883454016958,1.7010362874365e-05,0.000272165805989841,0.000137628979429446,2292,"tags=33%, list=13%, signal=29%",483/7273/4811/255631/478/10398/4622/8082/7431/1292/270/88/10611/832/1824/29767/6443/3679/7169/9672/3339/4604/84665/56776/3690/3908/4625/25802/7168/1465/58/477/84033/7414/57731/25777/83660/4629/1674/7094/9172/8736/8516/4892/64236/6442/72/171024/1158/7140/4621/2273/23345/9499/1837/4619/2199/23500/287/2318/4620/1756/7111/11155,0.575610261071129
hsa04961,Endocrine and other factor-regulated calcium reabsorption,42,-0.64771427034531,-1.75582292868901,0.00150380285226211,0.00802028187873127,0.00405570128727877,2556,"tags=40%, list=15%, signal=35%",5745/483/2099/478/5578/493/490/5566/477/1212/112/2776/624/5567/5579/6546/115,0.45505986738723
hsa04910,Insulin signaling pathway,124,-0.544068620325937,-1.74122574734152,0.00014776599806661,0.00141097883759012,0.000713504684057636,4272,"tags=43%, list=25%, signal=32%",5594/808/8569/5573/2997/3845/2885/23433/79660/89801/9322/3098/23265/2319/3099/5293/5605/805/2889/5894/2475/5260/5565/6655/5837/207/51422/2872/10000/5295/5792/2308/5500/5140/5507/572/5563/1398/3643/5595/3632/5566/5105/5577/10891/801/8835/5602/5567/399694/32/10580/6517,0.518848077743792
hsa00350,Tyrosine metabolism,27,-0.681322529977941,-1.73218878881585,0.00386581134242026,0.0174457127247684,0.00882195920606862,2324,"tags=44%, list=13%, signal=39%",128/2954/8639/2805/130/4129/316/125/7173/4128/126/124,0.431707695803346
hsa04070,Phosphatidylinositol signaling system,91,-0.562060686397635,-1.72983919617207,0.000909900635759095,0.00533808372978669,0.00269936560607799,3662,"tags=37%, list=21%, signal=30%",5287/5289/8867/3631/5297/5293/90809/5298/1607/805/5728/5336/1606/3613/23396/3612/9162/5295/5578/8395/3705/8897/4534/3632/801/3707/3706/3708/84812/5579/113026/5333/1608/51196,0.477270815362862
hsa03430,Mismatch repair,23,0.702634810582408,1.72031770131616,0.00655381112426971,0.0259206911881229,0.0131075917540514,2646,"tags=57%, list=15%, signal=48%",9156/5984/5983/3978/5111/29935/6742/5424/4436/5425/5982/2956/5985,0.407017918923954
hsa04270,Vascular smooth muscle contraction,109,-0.557839084410533,-1.7184351010898,0.000325770750969502,0.00240616546376742,0.00121675129582241,3223,"tags=42%, list=19%, signal=35%",136/4627/8605/5605/805/140465/5580/5894/6093/5320/800/9826/100652777/4637/10398/107/4881/5578/5581/3779/4660/5500/10335/8399/4659/5595/5566/94274/54776/10672/5592/112/801/775/4629/4638/3708/2776/72/5567/111/5579/1908/2767/115/3778,0.49849310876659
hsa05032,Morphine addiction,65,-0.590444710846363,-1.71164209571478,0.00144379605698773,0.00781871095476432,0.0039537707730934,2523,"tags=42%, list=15%, signal=36%",2561/2869/2785/107/5578/5137/5140/55970/5143/8622/5139/5566/2770/112/5151/2775/2788/54331/408/5567/111/5579/27115/5144/5138/773/115,0.45505986738723
hsa00650,Butanoate metabolism,21,-0.742529378077477,-1.70993011136653,0.00259868828468569,0.0130676896601337,0.00660807769324284,2685,"tags=48%, list=15%, signal=40%",1892/5019/1962/622/3033/3155/3158/3030/38/35,0.431707695803346
hsa00280,"Valine, leucine and isoleucine degradation",46,-0.625497101908033,-1.70553765218609,0.00308897854570961,0.0143629630934965,0.00726307239423936,3942,"tags=50%, list=23%, signal=39%",4594/549/3712/224/587/36/27034/217/1892/5019/1962/3033/3155/34/4329/3158/3030/3032/316/30/38/35/10449,0.431707695803346
hsa05414,Dilated cardiomyopathy,86,-0.564961797655605,-1.69680976268931,0.0011341543364933,0.00643906978138129,0.00325611293918227,2801,"tags=43%, list=16%, signal=36%",284217/6444/9254/4633/781/3674/7273/8082/107/487/6443/3679/7169/55799/3690/3908/4625/7168/5566/153/112/775/1674/8516/6442/5567/6262/111/783/489/782/6546/1837/115/5350/4842/1756,0.45505986738723
hsa05034,Alcoholism,164,0.489181010923344,1.69613984057757,0.000152321579058024,0.00141097883759012,0.000713504684057636,2578,"tags=40%, list=15%, signal=34%",2906/2786/8348/8336/8363/8356/8362/8970/8329/8332/8969/8343/8331/8341/92815/8339/8346/85235/8355/8358/8354/8294/8968/8330/8345/8342/8337/3066/8344/128312/8340/8370/3012/554313/723790/3014/2904/3017/440689/8352/1813/8368/8351/8360/8335/3013/8347/3018/317772/653604/333932/2784/2030/55315/126961/9555/53358/8334/54145/8338/102724334/440686/3015/8349/8366,0.518848077743792
hsa04928,"Parathyroid hormone synthesis, secretion and action",101,-0.555728051122393,-1.69287179058955,0.000486012137071941,0.00328992831248699,0.00166365306029856,2639,"tags=38%, list=15%, signal=32%",5894/9368/5745/65268/4324/1956/9826/107/5578/4205/4929/5143/5595/4209/5566/6256/10672/2770/112/1958/596/3727/3708/2776/1026/408/5567/111/65267/5579/84699/2353/6446/4208/5144/2767/2260/115,0.49849310876659
hsa04960,Aldosterone-regulated sodium reabsorption,33,-0.663797275409745,-1.69085107268987,0.00439476058494925,0.019098218838298,0.00965759955801824,2297,"tags=42%, list=13%, signal=37%",23327/483/478/5295/5578/3643/5595/477/4306/6338/6340/3291/5579/6446,0.407017918923954
hsa04929,GnRH secretion,53,-0.592792539536713,-1.68626333567533,0.00310109430427766,0.0143629630934965,0.00726307239423936,2008,"tags=32%, list=12%, signal=28%",10000/5295/5578/8913/8912/5595/610/7223/775/3708/2776/408/3781/5579/2767/2852/3782,0.431707695803346
hsa05031,Amphetamine addiction,54,-0.60275521915588,-1.684916466828,0.00157548156214767,0.00827715686382058,0.00418559799458268,1914,"tags=39%, list=11%, signal=35%",5578/6571/116443/5532/5500/5566/818/4129/801/775/2354/817/4128/5567/2902/111/5579/815/84699/2353/816,0.45505986738723
hsa04082,Neuroactive ligand signaling,111,-0.540557967177069,-1.68240632155495,0.000417383460703736,0.0029383795633543,0.00148588166323836,2134,"tags=35%, list=12%, signal=31%",107/3360/5578/5029/6571/116443/9127/5030/64805/55970/5566/6869/153/1132/1816/2770/6505/112/5025/2775/2776/2788/5028/54331/2743/5567/2902/89832/111/1139/5579/9934/2774/5023/2767/115/43/2899/6865,0.49849310876659
hsa03082,ATP-dependent chromatin remodeling,110,0.513629948725395,1.6810981753862,0.000615342398246468,0.0040111208181992,0.00202834614939676,2634,"tags=28%, list=15%, signal=24%",8336/8329/8332/8969/8331/92815/55257/85235/8330/79913/8337/3066/8089/84295/86/3012/723790/3014/27443/404281/10856/8335/3013/317772/9555/8607/8334/83444/8338/3015/26039,0.477270815362862
hsa04015,Rap1 signaling pathway,187,-0.504380312476571,-1.67245483079914,0.000115476144649921,0.00123174554293249,0.000622869876596087,3223,"tags=34%, list=19%, signal=28%",136/1436/9564/5293/5605/805/2889/284/10235/2324/5894/3674/2246/207/1956/23094/5216/260425/54518/107/5156/10000/51466/5295/5578/7074/80310/2255/5608/84552/3690/1398/3643/5595/5154/9223/2254/9863/1435/57568/7010/2770/112/3815/801/5906/83660/7094/2775/2776/5028/4254/2902/111/2277/5579/1902/1946/2263/2247/2260/115/1268/51196,0.538434096309916
hsa00620,Pyruvate metabolism,44,-0.611429420037658,-1.66852290402283,0.0031709868256842,0.0144959397745564,0.0073303161276526,1879,"tags=25%, list=11%, signal=22%",4200/55902/130/5091/5105/38/125/126/32/124/197257,0.431707695803346
hsa05219,Bladder cancer,41,0.616017928341269,1.66260703441555,0.00461847128469802,0.0195867697857073,0.00990465031462114,933,"tags=22%, list=5%, signal=21%",4312/3576/1869/4609/4318/1019/1871/7422/5925,0.407017918923954
hsa04540,Gap junction,80,-0.557972273013208,-1.66009341545124,0.00168854011694182,0.00874067825240472,0.00441999178781671,2418,"tags=34%, list=14%, signal=29%",347733/6655/1956/7082/107/5156/5578/80310/7280/5595/5566/5154/153/5592/2770/112/5598/3708/2776/5567/111/5579/1902/79861/2767/5593/115,0.45505986738723
hsa03450,Non-homologous end-joining,12,0.768040537675984,1.65914920418534,0.0153052440223652,0.0472582973322152,0.0238976061219419,3116,"tags=67%, list=18%, signal=55%",7518/5591/4361/2237/64421/7520/27434/10111,0.380730400722792
hsa04964,Proximal tubule bicarbonate reclamation,21,-0.715823006290694,-1.64842947498524,0.00663912137071114,0.0259663413610036,0.0131306761627687,1063,"tags=29%, list=6%, signal=27%",5105/477/8671/6550/760/762,0.407017918923954
hsa04657,IL-17 signaling pathway,77,0.543281767336844,1.64762239922417,0.00136122653225892,0.00748674592742406,0.00378590248503662,1341,"tags=21%, list=8%, signal=19%",4312/4322/4314/3576/6374/6372/3627/225689/2919/3553/4318/7188/6364/4586/2921/841,0.45505986738723
hsa04382,Cornified envelope formation,127,0.49256993409902,1.64489849673636,0.000851004094603102,0.00516471450517745,0.00261169614532165,1642,"tags=21%, list=9%, signal=19%",144501/6273/9076/9075/5317/1830/9080/3872/25984/6703/1294/6282/3854/6700/29943/2125/285848/3875/3918/3034/147409/28227/49861/24146/11187/286887/1828,0.477270815362862
hsa05415,Diabetic cardiomyopathy,195,-0.491735672104785,-1.64344490476487,0.000156513510739377,0.00141263476359642,0.000714342053783161,4047,"tags=40%, list=23%, signal=31%",2997/4539/51079/4535/1509/10975/1327/4514/4698/2936/4519/516/4512/653361/1329/7417/10476/5162/4508/6300/7385/948/4714/4719/518/4723/5293/513/4731/4713/4720/4088/5728/5580/4716/4541/6390/506/4705/4540/2475/4087/207/374291/1346/1351/4707/9377/10000/4729/6392/5295/5578/487/4700/29796/7386/7384/5500/3643/5164/818/51660/5166/6389/291/817/1376/5602/6262/489/498/5579/815/816/1215/5350/6517,0.518848077743792
hsa05207,Chemical carcinogenesis - receptor activation,164,-0.499982846850955,-1.64324338288673,0.000252018431595386,0.00206303460282734,0.00104323666186544,3032,"tags=40%, list=17%, signal=34%",154/5605/6195/4259/4257/2947/2053/54578/5894/2475/27330/6655/207/1956/2099/107/653689/10000/5295/5578/4853/405/2953/28514/79799/2052/2255/572/1576/54577/2946/54600/5595/5566/153/2254/85315/6256/2770/112/7367/775/54852/596/367/5241/7366/408/54579/5567/89832/111/54657/54659/2949/1139/5579/84699/2353/54575/9314/2247/54658/54576/773/115,0.49849310876659
hsa03420,Nucleotide excision repair,62,0.54732674361074,1.64030157477688,0.00915685580356537,0.032557709523788,0.016463803445193,5019,"tags=53%, list=29%, signal=38%",5984/5983/3978/5111/29935/5424/8451/5425/1022/5436/5982/5427/5440/5985/100533467/54107/5433/2073/4331/2965/8450/404672/2968/5432/2068/5426/2067/902/2967/2071/5435/1161/5431,0.380730400722792
hsa00860,Porphyrin metabolism,39,-0.619066172576222,-1.6285038520537,0.00706637521287305,0.0273336711530914,0.0138221083694859,1638,"tags=36%, list=9%, signal=33%",79799/1356/210/54577/54600/7367/2235/7366/54579/54657/54659/54575/54658/54576,0.407017918923954
hsa03020,RNA polymerase,34,0.608206220314845,1.62842542289569,0.01072266929771,0.0358415710073398,0.0181243886275424,4268,"tags=56%, list=25%, signal=42%",84172/9533/51082/10622/30834/51728/221830/5436/10621/5440/25885/55718/10623/10849/5433/55703/64425/11128/5432,0.380730400722792
hsa04714,Thermogenesis,220,-0.483529207157697,-1.62599943971984,0.000142177268941549,0.00141097883759012,0.000713504684057636,4044,"tags=38%, list=23%, signal=30%",108/4539/51079/3845/4535/2885/10975/60/1327/4514/90993/4698/8289/4519/516/656/4512/1329/10476/4508/6300/7385/6196/4714/4719/518/4723/513/1352/4731/4713/4720/6195/6595/4716/4541/6390/506/4705/4540/2475/27330/5565/9658/6655/51422/374291/1346/107/1351/4707/9377/4729/6392/4881/4700/29796/6604/7386/63976/7384/57104/51548/5563/5566/152831/5592/112/10891/6389/1376/1374/788/5567/111/498/2641/11343/84699/8110/2260/5593/115/1268,0.518848077743792
hsa04912,GnRH signaling pathway,82,-0.549105441014856,-1.62181518468133,0.00256721628123794,0.0130676896601337,0.00660807769324284,3061,"tags=37%, list=18%, signal=30%",8605/5605/805/5580/5894/6655/1956/107/5578/4215/5608/5595/5566/818/112/801/1958/775/5598/3708/2776/817/5602/5567/111/5579/815/816/2767/115,0.431707695803346
hsa05332,Graft-versus-host disease,32,0.611719903768905,1.62101584201549,0.0129856112702582,0.0415539560648261,0.0210130311692113,705,"tags=12%, list=4%, signal=12%",3552/3002/3553/941,0.380730400722792
hsa04972,Pancreatic secretion,76,-0.556094020783296,-1.61449772764835,0.00292728011836659,0.0141151041323978,0.00713773491573286,2292,"tags=36%, list=13%, signal=31%",483/100652777/478/107/219931/5578/487/10136/493/8399/490/477/112/5906/8671/3708/2776/22802/6262/111/489/5579/6548/115/1811/3778/760,0.431707695803346
hsa01523,Antifolate resistance,29,0.623205332726365,1.61350758316427,0.0152338601356061,0.0472582973322152,0.0238976061219419,1084,"tags=24%, list=6%, signal=23%",8836/2348/6472/1244/3553/471/2618,0.380730400722792
hsa04510,Focal adhesion,191,-0.480515062152095,-1.61270416233529,0.000264550592533759,0.00211640474027007,0.00107022490721661,3248,"tags=37%, list=19%, signal=30%",3695/1291/7060/9564/5293/3678/2534/3915/1101/2889/5728/10627/284217/2324/5894/1287/4633/3674/6093/2316/6655/207/23396/1956/103910/10398/858/1793/1292/2317/5156/3611/10000/55742/5295/5578/80310/3679/8395/4660/63923/5500/7450/2909/2012/572/3690/3908/1398/4659/5595/5154/54776/5649/3371/7414/824/5906/83660/596/7094/4638/8516/857/5602/5063/2277/399694/5579/7148,0.49849310876659
hsa04750,Inflammatory mediator regulation of TRP channels,88,-0.523896893454761,-1.61002776334145,0.00454277058451768,0.0195006737286613,0.00986111320524384,3128,"tags=36%, list=18%, signal=30%",5293/8605/805/5580/623/5336/5732/107/5295/5578/2150/5029/5581/5608/5500/5566/818/112/801/5734/3708/2776/162514/817/624/5602/5567/111/5579/815/816/115,0.407017918923954
hsa04962,Vasopressin-regulated water reabsorption,39,-0.610682145097144,-1.60644898675782,0.00966507879112016,0.0335604495098923,0.0169708696448529,3348,"tags=38%, list=19%, signal=31%",10671/9230/10540/79659/1783/1639/5869/554/5566/112/5567/6844/1780/84699/115,0.380730400722792
hsa04611,Platelet activation,114,-0.510881019215077,-1.60431848770317,0.00112087525848672,0.00643906978138129,0.00325611293918227,3149,"tags=37%, list=18%, signal=30%",11093/5293/8605/2534/10235/10627/5336/3674/6093/207/103910/54518/107/10000/5295/2811/5500/7450/2909/3690/64805/4659/5595/5566/6786/10672/5592/2770/112/5906/83660/7094/4638/3708/2776/5028/5567/111/5742/5023/5593/115,0.45505986738723
hsa04810,Regulation of actin cytoskeleton,201,-0.477701613254833,-1.60385083094238,0.000646164034695021,0.00413544982204813,0.00209121691984853,3533,"tags=38%, list=20%, signal=30%",3985/3680/50649/1950/10163/6237/3695/4627/9564/1128/5293/3678/5605/9459/10627/623/5894/4633/4478/3674/6093/2246/6655/207/22800/23396/1956/103910/5216/10398/1793/5156/10297/10000/5295/1073/3071/730/7074/80310/3679/81553/10788/8395/4660/2255/5500/2909/8976/3690/55970/1398/4659/5595/5154/1132/2254/54776/324/10672/7414/4629/4638/8516/624/5063/733/6387/1902/2263/729/6548/2247/85477/2260/2934,0.477270815362862
hsa03410,Base excision repair,44,0.573646264533185,1.59887867650872,0.0108444484287239,0.0358415710073398,0.0181243886275424,4410,"tags=55%, list=25%, signal=41%",5984/5983/3978/5111/4913/55775/5424/3146/5425/11232/2237/5982/5427/5985/4350/7374/54107/55247/6996/5423/143/7515/5426/54840,0.380730400722792
hsa04720,Long-term potentiation,56,-0.55498066113871,-1.59820429487561,0.00973055653260395,0.0335604495098923,0.0169708696448529,2983,"tags=46%, list=17%, signal=39%",5605/6195/805/814/5894/27330/5502/2033/107/5578/5532/5500/5595/5566/818/801/5906/775/3708/2776/817/5567/2902/5579/815/816,0.380730400722792
hsa00020,Citrate cycle (TCA cycle),29,-0.639081022918594,-1.5949645872551,0.0075163414960467,0.0287581761587874,0.0145424529749114,4774,"tags=59%, list=28%, signal=43%",1737/5106/4190/8802/5162/2271/6390/48/6392/1743/3419/8801/5091/4967/5105/6389/50,0.407017918923954
hsa05410,Hypertrophic cardiomyopathy,81,-0.528699573215892,-1.59148856999304,0.00559905698726415,0.022653655856517,0.0114555152310158,2801,"tags=40%, list=16%, signal=33%",284217/6444/9254/4633/781/5565/3674/51422/7273/8082/487/6443/3679/7169/55799/5563/3690/3908/4625/7168/775/1674/8516/6442/6262/783/489/782/6546/1837/4842/1756,0.407017918923954
hsa00910,Nitrogen metabolism,13,-0.743629715962947,-1.57224335697766,0.0159023513148588,0.0482554108864682,0.0244018271439326,835,"tags=38%, list=5%, signal=37%",759/771/760/766/762,0.352487857583619
hsa04260,Cardiac muscle contraction,67,-0.539501263034955,-1.5696944436177,0.00982024516908779,0.0335604495098923,0.0169708696448529,2724,"tags=37%, list=16%, signal=32%",9254/4633/781/483/1346/478/1351/9377/487/29796/7386/7169/7384/55799/4625/7168/477/775/845/6262/783/489/782/6546/6548,0.380730400722792
hsa04940,Type I diabetes mellitus,36,0.578228378426288,1.54811292371627,0.0143879434275059,0.0456266314097484,0.0230725042511827,1342,"tags=17%, list=8%, signal=15%",3552/3329/3002/3553/941/3382,0.380730400722792
hsa04012,ErbB signaling pathway,83,-0.510600608145789,-1.54199588480657,0.00856661940501526,0.0320792556443125,0.0162218585803825,2775,"tags=30%, list=16%, signal=25%",5336/5894/2475/6655/207/1956/10000/5295/5578/572/1398/5595/818/25/2549/685/1026/817/5602/5063/399694/5579/815/816/9542,0.380730400722792
hsa00640,Propanoate metabolism,30,-0.619690347444958,-1.53857170567462,0.0184881803511041,0.0542319956965721,0.0274240703860496,3246,"tags=40%, list=19%, signal=33%",55862/79611/8310/1892/1962/55902/4329/8801/3030/51/35/32,0.352487857583619
hsa04919,Thyroid hormone signaling pathway,113,-0.489307115510542,-1.53531905491271,0.00285032950247536,0.0141151041323978,0.00713773491573286,3128,"tags=35%, list=18%, signal=28%",5293/25942/5208/5605/5336/5894/2475/207/483/2033/2099/478/9611/10000/5295/5578/4853/487/1827/2308/572/3690/4625/5595/8850/5566/477/6256/8648/7068/84812/5567/489/5579/113026/5333/6548/51196/5350,0.431707695803346
hsa04014,Ras signaling pathway,205,-0.456614103279077,-1.53507804879947,0.00133400824717425,0.00745350639691007,0.00376909389791555,3212,"tags=32%, list=19%, signal=27%",1436/2782/5293/8036/8605/5605/805/284/10235/4303/5336/2324/5894/382/5320/2246/6655/207/22800/2785/1956/100652777/115727/5156/10000/5295/5578/7074/80310/5869/2255/2323/572/10928/55970/3643/8399/5595/5566/5154/2254/23179/1435/25/7010/3815/801/5906/2549/2788/4254/54331/5602/4915/5567/2902/5063/2277/399694/5579/1946/2263/2247/2260/51196/54979,0.45505986738723
hsa00562,Inositol phosphate metabolism,73,-0.519593861827186,-1.53289178773784,0.00843428233063323,0.0319233051654075,0.016142997442132,3941,"tags=37%, list=23%, signal=29%",9110/5305/5287/5289/8867/3631/5297/5293/5298/51763/5728/5336/3613/23396/3612/8395/3705/8897/4329/4534/3632/3707/3706/84812/113026/5333/51196,0.380730400722792
hsa01212,Fatty acid metabolism,53,-0.5376175595858,-1.52931205924638,0.0203684706399685,0.0584255569393581,0.0295446731264286,2865,"tags=42%, list=17%, signal=35%",9200/8310/6342/1892/1962/3033/401494/34/23205/84869/3030/6785/3032/37/30/79071/51/38/1376/1374/35/10449,0.352487857583619
hsa04071,Sphingolipid signaling pathway,117,-0.485858555992115,-1.52855744516266,0.00970311875210992,0.0335604495098923,0.0169708696448529,3128,"tags=28%, list=18%, signal=23%",5293/2534/79603/5605/5728/166929/140/5894/340485/5526/6093/207/81537/9294/2205/7132/10000/5295/5578/5581/2206/5595/10672/2770/596/2776/624/5602/6609/5516/5579/5523/5521,0.380730400722792
hsa01521,EGFR tyrosine kinase inhibitor resistance,79,-0.511302606941886,-1.52511587676417,0.0105641334897912,0.0357555287346778,0.0180808787158869,3128,"tags=33%, list=18%, signal=27%",5293/5605/5728/5336/5894/2475/6655/207/1956/5156/10000/5295/5578/558/80310/572/5595/5154/2549/596/399694/5579/2263/2247/3570/9542,0.380730400722792
hsa04152,AMPK signaling pathway,110,-0.488733552465939,-1.52311018479829,0.00511222024508469,0.0212611623881918,0.0107513582403507,3931,"tags=33%, list=23%, signal=25%",23417/3479/90993/8408/5529/948/10645/79966/9230/4218/5293/5208/3953/2475/5565/5526/207/51422/29904/10000/5295/55437/2308/51719/5563/3643/23216/5105/10891/1374/5516/84699/5523/5521/32/6517,0.407017918923954
hsa04148,Efferocytosis,151,-0.468344149342879,-1.51957424013417,0.00308253757591321,0.0143629630934965,0.00726307239423936,3222,"tags=28%, list=19%, signal=23%",51454/9564/4772/5605/4776/19/161291/5732/10396/575/1793/7376/55576/55113/487/558/5029/405/7386/5869/5467/23166/50636/3690/64805/1398/5595/840/818/6256/682/51761/5087/5734/84466/817/1374/489/815/816/6446/203859,0.431707695803346
hsa04723,Retrograde endocannabinoid signaling,117,-0.482538082829124,-1.51811091929179,0.0109968456499793,0.0358415710073398,0.0181243886275424,4112,"tags=42%, list=24%, signal=32%",4538/108/4539/51079/4535/4698/2793/6300/2562/4714/4719/4723/2782/4731/4713/4720/4716/4541/4705/4540/2561/374291/2785/107/4707/4729/5578/4700/57406/55970/5595/5566/2770/112/22999/775/3708/2775/2776/2788/54331/5602/5567/111/5579/11343/773/115/1268,0.380730400722792
hsa04726,Serotonergic synapse,89,-0.503153723706799,-1.50578824795579,0.0087979153313959,0.032557709523788,0.016463803445193,1295,"tags=22%, list=7%, signal=21%",55970/5595/5566/4129/2770/775/3708/2775/2776/2788/54331/4128/5567/111/3781/5579/5742/1843/773/7166,0.380730400722792
hsa03050,Proteasome,43,0.550845208162863,1.50375605414822,0.0214218099911655,0.0594394275492486,0.0300573678670674,5394,"tags=51%, list=31%, signal=35%",5688/5698/11047/51371/10213/5683/5682/5701/5686/5691/7979/5690/5696/5719/5692/5684/23198/5689/5714/10197/5695/9491,0.352487857583619
hsa05012,Parkinson disease,250,-0.439568422208146,-1.50269119469208,0.000782315192438395,0.00483113943400553,0.00244301368926686,4252,"tags=35%, list=25%, signal=27%",5705/808/10382/4536/3831/4538/7327/4539/51079/842/4535/10975/1327/90550/4514/4698/4519/516/4512/1329/7417/10476/4508/7385/4714/4719/7345/518/7318/4723/3798/513/4731/4713/4720/54205/805/84617/4716/7314/4541/6390/506/4705/4540/347733/374291/89953/1346/1351/4707/9377/4729/6392/4700/29796/6571/7386/7384/7326/6622/7280/5566/818/4129/5071/2770/801/6389/120892/3708/291/817/9927/5602/4128/5567/111/498/65018/4137/815/816/2774/79861/1843/3800/6263,0.477270815362862
hsa04916,Melanogenesis,81,-0.49606219400578,-1.49324370920854,0.0169486475856771,0.0503426034548619,0.0254572800213284,2241,"tags=36%, list=13%, signal=31%",2033/4286/107/5578/7855/1910/7482/6934/5595/5566/818/83439/2770/112/3815/801/81029/2775/2776/817/4254/5567/111/5579/815/7483/84699/816/115,0.352487857583619
hsa00601,Glycosphingolipid biosynthesis - lacto and neolacto series,27,-0.587110940306376,-1.49266601916535,0.0406701582166901,0.106835042479663,0.0540244128401876,2274,"tags=37%, list=13%, signal=32%",124872/84002/2683/28/10317/6487/6489/6484/8708/2651,0.321775918075361
hsa03083,Polycomb repressive complex,83,0.468955806588054,1.48002353648783,0.0198651219043023,0.0577894455397885,0.0292230039056835,1664,"tags=19%, list=10%, signal=18%",84733/100170841/2146/6322/11335/9212/57332/8535/3066/54554/7027/54881/404281/26013/8473/171023,0.352487857583619
hsa04218,Cellular senescence,148,0.434605036561964,1.47898507419443,0.00632085235218041,0.0252834094087216,0.012785330694882,1456,"tags=17%, list=8%, signal=16%",4605/983/3552/3576/2305/891/9133/890/1111/1869/1875/4609/1019/1871/5933/1017/5925/545/4361/993/286826/776/9134/898/1978,0.407017918923954
hsa04211,Longevity regulating pathway,84,-0.486993506583441,-1.46715457931399,0.0167427819790411,0.0503426034548619,0.0254572800213284,4044,"tags=33%, list=23%, signal=26%",108/3845/3479/9365/90993/8408/10645/5293/847/814/2475/5565/207/51422/107/10000/5295/2308/5563/3643/5566/83667/112/10891/5567/111/84699/115,0.352487857583619
hsa05203,Viral carcinogenesis,191,0.414772481597992,1.45465765047455,0.0029024723859888,0.0141151041323978,0.00713773491573286,2703,"tags=27%, list=16%, signal=23%",983/8348/991/8363/8362/890/8970/8343/8341/1111/8339/8346/1019/8294/8345/8342/3066/8344/7188/128312/5933/8340/8370/6502/554313/1017/5925/2648/27044/5902/3017/9134/841/898/440689/8368/8360/8347/3018/4067/7529/9093/6850/595/54145/5366/102724334/8349/8366/5922/5315,0.431707695803346
hsa01230,Biosynthesis of amino acids,70,0.481088946338853,1.45345022039346,0.0204157485896052,0.0584255569393581,0.0295446731264286,2355,"tags=29%, list=14%, signal=25%",5053/29968/6472/5831/5723/4143/22934/84706/5230/440/7086/2023/65263/6120/5313/26227/5631/10993/729020/6888,0.352487857583619
hsa04934,Cushing syndrome,126,-0.455970686233465,-1.44983643146858,0.00914352310593324,0.032557709523788,0.016463803445193,1756,"tags=29%, list=10%, signal=26%",405/6770/8913/7855/3777/8912/7482/6934/8622/5595/5566/818/83439/324/51655/2770/112/5151/5906/775/5087/81029/3708/2776/1026/817/5567/111/815/7483/84699/816/1589/2767/115/1030,0.380730400722792
hsa04931,Insulin resistance,101,-0.475584887996167,-1.44873781212474,0.0158021762498815,0.0482554108864682,0.0244018271439326,2964,"tags=32%, list=17%, signal=26%",6195/5728/5580/10999/2475/27330/5565/11000/5837/207/51422/7376/7132/10000/5295/5581/5792/2308/5500/22877/5507/5563/3643/133522/5105/10891/1374/5602/5579/84699/32/6517,0.352487857583619
hsa05412,Arrhythmogenic right ventricular cardiomyopathy,69,-0.492415592196281,-1.44727924206168,0.0248504250201098,0.0678089116827802,0.0342896539746466,2801,"tags=41%, list=16%, signal=34%",284217/6444/9254/781/3674/8082/88/1824/487/6443/3679/55799/3690/3908/6934/83439/775/1674/8516/6442/6262/783/489/782/6546/1837/4842/1756,0.352487857583619
hsa04722,Neurotrophin signaling pathway,113,-0.458636059793496,-1.43908122230417,0.00890057236487179,0.032557709523788,0.016463803445193,2983,"tags=30%, list=17%, signal=25%",5605/6195/805/2889/5580/5336/814/5894/5663/27330/6655/207/25970/10000/5295/4215/9252/572/1398/5595/818/4916/25/801/5906/2549/596/5598/817/5602/4915/399694/815/816,0.380730400722792
hsa01522,Endocrine resistance,93,-0.469003855840883,-1.4318387324435,0.0244195074006961,0.0671536453519142,0.0339582984759514,2639,"tags=28%, list=15%, signal=24%",5894/2475/6655/207/1956/2099/107/9611/10000/5295/4853/28514/572/5595/5566/112/596/1026/5602/5567/111/399694/2353/8647/115/2852,0.352487857583619
hsa04064,NF-kappa B signaling pathway,99,0.446667580451797,1.43017753080805,0.0208866743471605,0.0588168749616039,0.0297425550750377,2722,"tags=27%, list=16%, signal=23%",10913/3576/5328/8600/2919/3553/9560/79092/7188/2921/10848/5335/3654/6351/84433/4067/7329/6850/51135/597/2920/1459/598/102723407/5588/7535/3932,0.352487857583619
hsa04915,Estrogen signaling pathway,108,-0.45891265860189,-1.425730007234,0.0341837543540056,0.0918525307832823,0.0464480467108596,1212,"tags=19%, list=7%, signal=17%",5595/5566/8648/2770/112/801/596/5241/3708/2775/2776/2289/5567/111/399694/84699/2353/54474/115/2852,0.321775918075361
hsa05208,Chemical carcinogenesis - reactive oxygen species,210,-0.422050175150695,-1.42441175485353,0.0055693867208674,0.022653655856517,0.0114555152310158,4127,"tags=40%, list=24%, signal=31%",2944/4538/4539/51079/3845/4535/2885/10975/1327/4514/4698/4519/516/4512/653361/1329/7417/9020/5795/10476/4508/2938/6300/7385/4714/5609/4719/1950/518/4723/5293/513/4731/4713/4720/5605/4259/5728/4257/5580/4716/1645/4541/847/2947/6390/2053/506/5894/57412/4705/4540/6655/207/374291/3162/1956/1346/1351/4707/9377/653689/1646/10000/4729/6392/5295/4700/29796/405/2953/7386/7384/2052/572/2946/5595/25/6389/291/5602/498/2949/2353/1836,0.407017918923954
hsa04010,MAPK signaling pathway,265,-0.412177952175818,-1.42390852124809,0.00408666091342547,0.0179834850134839,0.00909390024212999,4210,"tags=40%, list=24%, signal=31%",4804/8569/1850/5495/4615/22808/5924/2252/1943/3845/2885/3479/5321/1847/9479/9693/9020/3164/8649/6300/6196/3305/9064/5609/1950/23542/6237/1436/1647/4296/4772/8605/5605/6195/51295/284/10235/9254/777/23118/2324/5894/4902/27330/355/781/2246/2316/6655/207/22800/1956/2872/115727/5156/7132/10000/6722/5578/80310/4215/8913/2255/5532/4149/2323/5608/3315/9252/8912/55799/55970/1398/3643/5595/5801/5566/5154/2254/1435/7010/5494/5979/3815/1845/5906/775/3727/5598/4254/408/5602/4915/5567/783/2277/5579/4137/2353/4208/1946/782/2263/1843/2247/2260/773,0.407017918923954
hsa04727,GABAergic synapse,61,-0.499970819782681,-1.42217482576639,0.0396743627963269,0.105002824844414,0.0530978958506087,1295,"tags=26%, list=7%, signal=24%",55970/5566/2770/112/66008/775/23710/2775/2788/5334/54331/5567/111/5579/773/115,0.321775918075361
hsa05020,Prion disease,255,-0.41045775912456,-1.41760925093205,0.00513408750851223,0.0212611623881918,0.0107513582403507,4295,"tags=37%, list=25%, signal=28%",712/5594/5705/10382/4536/3831/4538/4539/51079/842/4535/10975/1327/90550/4514/90993/4698/4519/516/4512/653361/1329/2905/7417/10476/4508/6300/7385/3305/4714/4719/518/4723/3798/5293/513/4731/4713/4720/54205/2534/3915/6352/5580/84617/4716/4541/6390/506/4705/4540/347733/5621/374291/89953/1346/858/1351/4707/9377/4729/6392/5295/730/4700/29796/7386/7384/116443/5532/4685/572/7280/5595/5566/1958/6389/775/6261/3708/291/857/5602/5567/6262/2902/498/733/84699/79861/729/3800/6263/4684,0.407017918923954
hsa04724,Glutamatergic synapse,89,-0.469488611758476,-1.4050386608029,0.0288752533215207,0.0781853013013483,0.0395367933357871,1610,"tags=26%, list=9%, signal=24%",116443/5532/55970/9229/5595/5566/2770/6505/112/775/3708/2775/2776/2788/54331/5567/2902/111/5579/9455/773/115/2899,0.352487857583619
hsa04514,Cell adhesion molecule (CAM) interaction,135,-0.435287465335154,-1.40336921164387,0.0214454752805527,0.0594394275492486,0.0300573678670674,1766,"tags=23%, list=10%, signal=21%",5792/26047/23114/6614/9672/23705/5802/4756/3897/58494/54413/4685/57863/9369/26050/7122/5797/8516/57502/257194/94030/64115/8174/9073/6900/4359/137075/9378/1272/4684/22871,0.352487857583619
hsa05171,Coronavirus disease,205,0.395020284684559,1.40323695819179,0.00911785267872653,0.032557709523788,0.016463803445193,3570,"tags=40%, list=21%, signal=32%",4312/4314/3576/3627/629/717/3553/200916/6201/6223/6173/6227/100529097/25873/6167/5335/6222/3654/6170/6129/6210/6147/6141/6233/6193/6144/6161/6188/6205/6158/6157/6168/6208/6187/5582/6156/6850/6206/6137/51135/6132/6160/6209/6217/11224/6224/6165/51121/6191/6128/6181/115004/6228/6192/102723407/6136/3455/23521/6159/9349/6146/6143/6885/6232/6130/6175/4736/6202/3921/2212/59272/116832/6204/6152/6138/100529239/51187/5603/6134/6142/4600/9045,0.380730400722792
hsa04072,Phospholipase D signaling pathway,132,-0.443493591224774,-1.40094664454396,0.012918594097161,0.0415539560648261,0.0210130311692113,4272,"tags=44%, list=25%, signal=33%",5594/5899/10411/22808/108/3845/9267/56895/2885/2185/5321/10554/9846/1950/6237/1785/5293/8605/1607/2534/5605/5336/5894/1606/2475/382/6655/207/22800/23396/1956/107/10555/2205/9162/5156/10000/5295/5578/80310/8395/2206/3643/554/5595/5154/10672/112/3815/2549/8613/4254/111/399694/1902/1608/115/8611,0.380730400722792
hsa04140,Autophagy - animal,159,-0.417617009286079,-1.36169185972549,0.0170192324179789,0.0503426034548619,0.0254572800213284,4333,"tags=36%, list=25%, signal=27%",64689/23604/5594/9842/23339/22808/79065/3845/1613/1509/9110/8408/57617/9706/23001/5289/10645/6237/4218/9342/55062/115201/5293/8678/5605/10133/5728/64121/5580/7314/4077/140775/5894/2475/11337/207/22800/51100/10241/10000/5295/89849/53349/8897/572/5563/5595/5566/1612/596/23710/3708/84971/58476/5602/5567/5516,0.352487857583619
hsa04060,Cytokine-cytokine receptor interaction,194,0.383518432612686,1.35709774936876,0.0149705260746839,0.0470502248061493,0.0237923878734349,1237,"tags=18%, list=7%, signal=17%",3624/10913/3552/3576/6374/6372/3589/8771/3627/9518/8600/414062/53832/6373/4283/7293/2919/3604/3553/6348/943/9560/3976/3557/655/51330/8808/6367/6364/5008/3559/2921/652/9466/84957,0.380730400722792
hsa04151,PI3K-Akt signaling pathway,299,-0.387065880448222,-1.35215614542207,0.0109783479679221,0.0358415710073398,0.0181243886275424,3248,"tags=27%, list=19%, signal=22%",3695/1436/1291/2782/7060/1128/5293/3678/23239/3915/5605/1101/284/5728/284217/2324/5894/1287/4902/2690/2475/3566/5526/3674/2246/6655/207/2785/1956/1292/5156/10000/5295/5578/80310/3679/2255/2323/63923/7450/572/5563/3690/55970/3908/3643/5595/5154/9223/2254/9863/5105/6256/1435/5649/7010/3371/10110/5979/3815/596/8516/2788/1026/4254/54331/4915/5516/2277/84699/6446/1902/1946/2263/2247/3570/2260/5523/23035/5521/7148,0.380730400722792
hsa05205,Proteoglycans in cancer,184,-0.404132969146551,-1.32934743637126,0.0367071669694109,0.0978857785850956,0.0494989433309865,2639,"tags=27%, list=15%, signal=23%",5894/3236/2475/355/4087/4478/6093/8322/2316/6655/207/22800/1956/286/2099/858/10000/5295/5578/7074/3339/4660/7855/5500/60495/7482/3690/4659/5595/5566/818/117581/54776/2549/81029/3708/857/1026/817/27250/5567/5579/815/7483/816/6548/2247/2260/51196/287,0.321775918075361
hsa05022,Pathways of neurodegeneration - multiple diseases,428,-0.359443348137386,-1.28785076898057,0.020613747975134,0.0585164458648966,0.0295906338966209,4046,"tags=32%, list=23%, signal=25%",9973/4539/51079/3845/842/1856/4535/10975/1327/90550/4514/4698/4519/516/4512/1329/2905/7417/8408/10476/9706/4508/6300/7385/5289/4714/5609/4719/84134/7345/10671/518/4218/7318/55062/8325/4723/10540/3798/1128/513/4731/4713/4720/54205/342371/7802/8678/5605/805/10133/84617/4716/7314/4541/847/140775/6390/506/5894/4705/5663/4540/2475/355/8322/347733/1742/5621/374291/89953/1346/10121/1351/4707/9377/10297/7132/4729/6392/5578/487/4700/29796/1639/7386/7384/7326/7855/53349/5532/5608/2878/572/7482/6622/7280/5595/840/5630/818/324/5071/1435/801/824/6389/775/120892/81029/6261/596/3708/291/2776/817/9927/5602/6262/2902/89832/489/498/1139/65018/5579/4137/815/7483/816/4747/4741/79861/3800/6263/4842,0.352487857583619
