Gene_ID,n_datasets
10004,2
10007,2
1001,2
100127983,2
100129792,2
10020,2
10024,2
100529097,2
100533107,2
100533181,2
100533990,2
100631383,2
100820829,2
10085,2
10090,2
10103,2
10110,2
10112,2
1017,2
10170,2
101730217,2
1019,2
10196,2
10208,2
10212,2
10223,2
10232,2
1026,2
10272,2
102724250,2
10290,2
10293,2
1030,2
10317,2
1033,2
10335,2
10351,2
10444,2
10449,2
10455,2
10462,2
10529,2
10535,2
10537,2
10544,2
10549,2
1056,2
10576,2
1058,2
10586,2
10602,2
10606,2
10614,2
1063,2
10635,2
10669,2
10672,2
10732,2
10733,2
10749,2
10793,2
10797,2
10799,2
10808,2
10813,2
10826,2
1087,2
10875,2
10882,2
10891,2
10894,2
10913,2
10924,2
10926,2
10953,2
10990,2
11004,2
11006,2
1101,2
11037,2
110599563,2
11065,2
11075,2
11095,2
11099,2
111,2
1111,2
1113,2
11130,2
1114,2
11142,2
11148,2
11149,2
1116,2
11162,2
11164,2
11170,2
11174,2
11226,2
11228,2
11240,2
112476,2
11252,2
11260,2
11261,2
112858,2
113026,2
113115,2
113130,2
11335,2
11343,2
11346,2
114088,2
114898,2
114907,2
115,2
115557,2
115795,2
115908,2
1160,2
1164,2
116447,2
116496,2
116535,2
1181,2
1184,2
118429,2
118932,2
1191,2
120071,2
120892,2
1215,2
122060,2
123264,2
1238,2
124222,2
124460,2
124872,2
124930,2
124975,2
125,2
126,2
126393,2
1264,2
1271,2
127845,2
128239,2
128272,2
128312,2
129049,2
1294,2
1298,2
129807,2
130,2
130340,2
130497,2
131096,2
1311,2
133522,2
134147,2
134637,2
135398,2
1368,2
137075,2
1374,2
1376,2
137872,2
138151,2
1384,2
139886,2
140545,2
140803,2
140838,2
140893,2
1410,2
1434,2
1440,2
144402,2
144455,2
144501,2
145483,2
145741,2
1464,2
1465,2
146556,2
146691,2
1469,2
1470,2
147372,2
147699,2
148534,2
148808,2
150223,2
150468,2
150726,2
1510,2
1511,2
1512,2
151246,2
151742,2
152007,2
152189,2
153090,2
154064,2
154810,2
1555,2
158135,2
158471,2
158584,2
159296,2
1594,2
1602,2
1608,2
1612,2
161753,2
162461,2
162514,2
163175,2
166336,2
166968,2
1674,2
1675,2
1678,2
169611,2
169981,2
171024,2
171586,2
1736,2
1756,2
1760,2
1773,2
1780,2
1805,2
1806,2
1811,2
1820,2
1825,2
183,2
1831,2
1836,2
1837,2
1843,2
1869,2
1871,2
1875,2
1889,2
1894,2
1902,2
1908,2
1909,2
191,2
192134,2
1944,2
1951,2
1958,2
196996,2
197257,2
200765,2
200879,2
2009,2
200916,2
200931,2
200942,2
201501,2
201895,2
203,2
203260,2
203859,2
2041,2
2045,2
2048,2
2049,2
206358,2
2069,2
2110,2
2118,2
2125,2
2139,2
2146,2
2177,2
2187,2
219348,2
219654,2
219790,2
2199,2
220108,2
220441,2
220963,2
220992,2
221091,2
221150,2
221393,2
221662,2
221895,2
222643,2
2247,2
2255,2
225689,2
2263,2
2273,2
22802,2
22822,2
22849,2
2289,2
22894,2
2294,2
2295,2
22974,2
23022,2
23024,2
23034,2
23035,2
23048,2
2305,2
23052,2
23089,2
23125,2
23136,2
23139,2
23140,2
2316,2
23179,2
2318,2
23228,2
23246,2
23250,2
23284,2
23302,2
23321,2
23322,2
23331,2
23335,2
23336,2
23345,2
23359,2
23382,2
23384,2
23397,2
23466,2
23474,2
23483,2
23491,2
23492,2
23500,2
23509,2
2353,2
2354,2
23551,2
23563,2
23584,2
23594,2
23635,2
23650,2
23657,2
23710,2
23743,2
24137,2
248,2
2491,2
2517,2
2523,2
253012,2
253152,2
253714,2
254102,2
254439,2
2549,2
255738,2
257019,2
257194,2
257407,2
25777,2
25788,2
25802,2
25822,2
2584,2
25840,2
25849,2
25879,2
25886,2
25890,2
25894,2
259266,2
25928,2
259307,2
25937,2
25959,2
25975,2
25984,2
25994,2
25999,2
26020,2
26031,2
26033,2
26040,2
26112,2
26271,2
26354,2
2648,2
26499,2
26504,2
2651,2
26579,2
26586,2
2674,2
26747,2
2675,2
2676,2
26960,2
26994,2
27042,2
2707,2
27074,2
27076,2
27085,2
27111,2
27115,2
27129,2
27132,2
27145,2
27147,2
27163,2
27250,2
27284,2
27304,2
27314,2
27338,2
27346,2
2744,2
2767,2
2774,2
2775,2
2776,2
2786,2
2819,2
2822,2
28231,2
283316,2
283349,2
284076,2
284194,2
284346,2
284403,2
284422,2
284716,2
284958,2
28513,2
285195,2
2852,2
285313,2
285382,2
285671,2
286077,2
286133,2
286749,2
2875,2
2886,2
2899,2
290,2
29028,2
2904,2
2906,2
29070,2
2908,2
29089,2
29107,2
29128,2
2918,2
2919,2
2921,2
2934,2
2949,2
2963,2
2971,2
29785,2
2980,2
2981,2
29841,2
29899,2
29923,2
2995,2
29951,2
29953,2
29968,2
30,2
30001,2
3002,2
3007,2
3014,2
3039,2
3040,2
30815,2
3131,2
3149,2
3159,2
3170,2
317649,2
32,2
320,2
3248,2
3291,2
3294,2
3306,2
332,2
3329,2
3336,2
3352,2
3360,2
3371,2
339977,2
340527,2
340706,2
341,2
343,2
344,2
346389,2
348093,2
348249,2
35,2
3557,2
3559,2
3570,2
3576,2
3590,2
3604,2
3624,2
3627,2
3651,2
3656,2
3671,2
3673,2
3679,2
3690,2
3706,2
3707,2
3708,2
3714,2
3725,2
3727,2
374383,2
374393,2
375775,2
376267,2
3764,2
377841,2
3779,2
3782,2
3784,2
38,2
3800,2
3833,2
3838,2
387103,2
387119,2
3872,2
3875,2
387849,2
388335,2
388364,2
389125,2
389677,2
389792,2
3899,2
390927,2
3918,2
3957,2
3976,2
3978,2
399665,2
400916,2
402415,2
4026,2
4051,2
408,2
4085,2
4092,2
4128,2
4129,2
4131,2
4135,2
4147,2
4151,2
4171,2
4173,2
4175,2
4176,2
4211,2
4212,2
4225,2
4233,2
4234,2
4237,2
4239,2
4254,2
4288,2
4299,2
43,2
4306,2
4312,2
4316,2
4318,2
4320,2
4321,2
4351,2
4359,2
440145,2
441631,2
443,2
445815,2
4485,2
4488,2
4493,2
4494,2
4495,2
4496,2
4499,2
4501,2
4593,2
4601,2
4605,2
4609,2
4629,2
4638,2
4659,2
4684,2
471,2
474,2
4741,2
4750,2
4751,2
477,2
4779,2
4837,2
4857,2
489,2
4891,2
4916,2
4935,2
4969,2
498,2
4998,2
50,2
5016,2
5023,2
5025,2
5028,2
5050,2
5067,2
5071,2
50853,2
50943,2
51,2
51001,2
51092,2
51114,2
51126,2
51176,2
51196,2
51203,2
51228,2
5125,2
51285,2
51309,2
51316,2
51330,2
5138,2
5139,2
51427,2
5144,2
51474,2
51497,2
5151,2
51512,2
51514,2
5152,2
5154,2
51602,2
51633,2
51649,2
51659,2
5166,2
51676,2
51750,2
5178,2
5187,2
5239,2
5241,2
5268,2
5326,2
5328,2
5333,2
5347,2
5373,2
53826,2
53827,2
53832,2
53841,2
54209,2
54331,2
54414,2
54443,2
54463,2
54474,2
54478,2
54498,2
54517,2
54575,2
54576,2
5462,2
5463,2
5464,2
54657,2
54658,2
54659,2
54716,2
54751,2
54793,2
54809,2
54821,2
54825,2
54829,2
54831,2
54860,2
54884,2
54892,2
54894,2
54897,2
54908,2
54941,2
54972,2
54979,2
54997,2
55003,2
55010,2
55022,2
55055,2
55127,2
55143,2
5516,2
55165,2
55198,2
55213,2
55214,2
5523,2
55248,2
55257,2
55273,2
55299,2
55346,2
55355,2
55356,2
55388,2
55425,2
55532,2
55601,2
55603,2
55612,2
55630,2
55635,2
55640,2
55646,2
55654,2
55661,2
5567,2
55670,2
55672,2
55679,2
5570,2
55759,2
5577,2
55771,2
55789,2
5579,2
55795,2
55824,2
55885,2
5592,2
5602,2
56256,2
563,2
5630,2
5648,2
56603,2
56776,2
5688,2
56901,2
56915,2
56937,2
56938,2
56954,2
56957,2
56963,2
56977,2
56992,2
57002,2
57016,2
57026,2
57085,2
57126,2
57158,2
57167,2
57178,2
57184,2
57188,2
57214,2
5723,2
5729,2
57326,2
57332,2
5734,2
57405,2
5742,2
57447,2
57452,2
57458,2
57460,2
57462,2
57464,2
57477,2
57482,2
57484,2
57519,2
5754,2
57549,2
57556,2
57568,2
57569,2
57595,2
5764,2
57655,2
57670,2
577,2
57708,2
57758,2
57761,2
57863,2
5794,2
58189,2
5831,2
58476,2
58480,2
58494,2
58516,2
58530,2
5864,2
5865,2
5920,2
59352,2
5954,2
5959,2
596,2
5979,2
5983,2
5984,2
599,2
60436,2
60495,2
6173,2
6185,2
6201,2
6223,2
6227,2
624,2
6241,2
6242,2
6282,2
6286,2
629,2
6330,2
6332,2
6335,2
6338,2
634,2
6348,2
6359,2
6364,2
63922,2
63928,2
63939,2
63967,2
63979,2
6398,2
64063,2
64091,2
64093,2
641,2
64115,2
6414,2
64151,2
642475,2
643382,2
64388,2
64409,2
6442,2
646627,2
6468,2
6469,2
646962,2
64699,2
6472,2
64762,2
64794,2
6484,2
6489,2
6491,2
64922,2
6493,2
650,2
65018,2
6505,2
651,2
6517,2
65249,2
6525,2
653,2
6533,2
653567,2
653808,2
6541,2
654463,2
6548,2
6549,2
6550,2
6558,2
6575,2
6578,2
6581,2
6584,2
65975,2
65982,2
65983,2
660,2
66008,2
6609,2
6622,2
6623,2
6628,2
6633,2
6635,2
6641,2
6652,2
6659,2
6662,2
667,2
6676,2
6689,2
6712,2
6717,2
675,2
6764,2
6786,2
6790,2
6799,2
6820,2
6840,2
6844,2
6855,2
686,2
6865,2
687,2
6920,2
6935,2
6943,2
6948,2
699,2
6997,2
6999,2
7008,2
701,2
7023,2
7038,2
7045,2
7049,2
7076,2
7094,2
7098,2
7102,2
7111,2
7112,2
7123,2
7145,2
7148,2
7153,2
7166,2
7168,2
7169,2
717,2
72,2
7263,2
7272,2
7276,2
727910,2
728833,2
7293,2
729533,2
7358,2
7360,2
7414,2
7422,2
7433,2
7447,2
7472,2
7483,2
7516,2
7518,2
7538,2
759,2
760,2
762,2
768,2
768211,2
7704,2
771,2
7739,2
7782,2
7784,2
7804,2
782,2
783,2
7832,2
7850,2
7851,2
7869,2
7871,2
788,2
78995,2
790,2
79007,2
79017,2
79026,2
79071,2
79075,2
79085,2
79101,2
79148,2
79153,2
79154,2
79442,2
79443,2
79465,2
79581,2
79596,2
79616,2
79629,2
79633,2
79641,2
79651,2
79682,2
79691,2
79723,2
79739,2
79750,2
79762,2
79783,2
79789,2
79801,2
79817,2
79819,2
79820,2
79827,2
79861,2
79866,2
79883,2
79908,2
79913,2
79974,2
79977,2
79980,2
79981,2
80034,2
80131,2
80148,2
80178,2
80209,2
80243,2
80274,2
80323,2
80324,2
80328,2
80332,2
80336,2
80714,2
80727,2
80760,2
80772,2
80863,2
81029,2
8110,2
8140,2
81532,2
81544,2
81558,2
81572,2
81578,2
81618,2
81620,2
81624,2
81693,2
817,2
8174,2
818,2
81930,2
8208,2
8313,2
8317,2
8318,2
8331,2
8332,2
8336,2
8339,2
83394,2
8341,2
8342,2
8343,2
83439,2
8344,2
8345,2
8346,2
83461,2
8348,2
8354,2
83540,2
83547,2
8355,2
8356,2
8362,2
8363,2
83660,2
83700,2
83857,2
83903,2
8399,2
840,2
84033,2
8404,2
84069,2
84128,2
84141,2
8416,2
84172,2
8425,2
84264,2
84279,2
84281,2
84296,2
84306,2
84319,2
8436,2
84365,2
8438,2
8447,2
845,2
84650,2
84722,2
84733,2
8480,2
84803,2
8482,2
84830,2
84888,2
84899,2
84918,2
84940,2
84951,2
84955,2
84960,2
84962,2
84971,2
8507,2
8516,2
8519,2
8522,2
8537,2
85377,2
8538,2
85407,2
85409,2
85439,2
85455,2
85457,2
85458,2
85463,2
85477,2
8549,2
8556,2
857,2
8600,2
8611,2
863,2
8639,2
8654,2
8671,2
8708,2
8736,2
8767,2
8780,2
8787,2
8792,2
8813,2
8814,2
8836,2
8842,2
8850,2
8857,2
8863,2
8884,2
8894,2
890,2
8904,2
891,2
8912,2
8914,2
8968,2
8969,2
8970,2
89839,2
8987,2
899,2
89927,2
89958,2
90381,2
90407,2
90417,2
90529,2
9060,2
9068,2
9076,2
9088,2
91298,2
9132,2
9133,2
9153,2
9156,2
9159,2
91624,2
91748,2
91851,2
9188,2
9201,2
92092,2
9215,2
9218,2
9223,2
92241,2
92421,2
9245,2
92815,2
9289,2
92935,2
92949,2
93081,2
9314,2
9319,2
9340,2
93649,2
9378,2
93986,2
94,2
9401,2
9413,2
9423,2
94234,2
94240,2
94274,2
9429,2
9452,2
9464,2
9510,2
9518,2
9521,2
956,2
9569,2
957,2
9588,2
960,2
9603,2
9620,2
9675,2
9700,2
9723,2
9760,2
9764,2
9767,2
9768,2
9787,2
9811,2
9816,2
9818,2
9824,2
983,2
9833,2
9837,2
9863,2
9867,2
9881,2
9882,2
990,2
991,2
9912,2
9927,2
993,2
9933,2
9934,2
994,2
1000,1
10000,1
10008,1
100130933,1
100131827,1
100132202,1
100170841,1
100188893,1
10019,1
100287178,1
100287238,1
100287327,1
100287364,1
100288520,1
100289255,1
100289279,1
100316904,1
10044,1
10046,1
10050,1
100505385,1
100506127,1
10051,1
10052,1
100526772,1
100526837,1
100527943,1
100527978,1
100528062,1
100529241,1
100529262,1
100532732,1
100533111,1
10054,1
10060,1
100652777,1
100652824,1
10066,1
10068,1
10071,1
10082,1
100861412,1
100861540,1
100862671,1
100885848,1
1009,1
10098,1
10099,1
100996717,1
100996758,1
100996763,1
10100,1
10114,1
10123,1
10125,1
10129,1
10131,1
10137,1
10142,1
10158,1
10166,1
10171,1
10178,1
10184,1
10186,1
10194,1
1020,1
10204,1
1021,1
10216,1
10218,1
10224,1
10231,1
10235,1
10266,1
10267,1
10268,1
10278,1
10288,1
10297,1
10300,1
10307,1
10308,1
10309,1
10322,1
10350,1
10365,1
10370,1
10371,1
10381,1
10382,1
10388,1
10391,1
10395,1
10396,1
10398,1
104,1
10403,1
10404,1
10410,1
10417,1
10418,1
10434,1
10437,1
10439,1
10446,1
10451,1
10459,1
10460,1
10464,1
10465,1
10483,1
10484,1
10486,1
10497,1
10507,1
10516,1
1052,1
10528,1
10538,1
10539,1
10555,1
10562,1
10575,1
10580,1
10581,1
10590,1
10592,1
10612,1
10615,1
1062,1
10628,1
10630,1
10634,1
10636,1
10663,1
106865373,1
10687,1
10699,1
107,1
10721,1
1073,1
10742,1
10752,1
10755,1
10788,1
10791,1
108,1
1080,1
10810,1
10840,1
10848,1
10849,1
10863,1
10874,1
1088,1
10885,1
109,1
10900,1
10917,1
10939,1
10940,1
109504726,1
10962,1
10965,1
10979,1
10991,1
10998,1
11007,1
110116772,1
11012,1
11027,1
11030,1
11031,1
11034,1
1104,1
11040,1
11041,1
11043,1
110599564,1
11062,1
11067,1
1107,1
11072,1
11076,1
11078,1
11080,1
11082,1
11092,1
11094,1
11096,1
11098,1
11113,1
11116,1
11117,1
111188157,1
1112,1
111240474,1
11126,1
11145,1
11155,1
11156,1
11167,1
11169,1
11178,1
11181,1
11187,1
11190,1
112,1
11200,1
11211,1
1122,1
11232,1
11244,1
112441434,1
112464,1
11248,1
11251,1
11254,1
11259,1
112609,1
112703,1
11279,1
112812,1
112849,1
113146,1
1132,1
113220,1
113235,1
11326,1
1134,1
11340,1
113452,1
113540,1
1136,1
113802,1
113835,1
1139,1
1140,1
114118903,1
114134,1
114327,1
1145,1
114783,1
114784,1
114792,1
114793,1
114795,1
114805,1
114815,1
114822,1
114836,1
114876,1
114904,1
114905,1
114928,1
115123,1
1152,1
115207,1
1153,1
115330,1
115572,1
115704,1
115727,1
1158,1
115825,1
116039,1
116092,1
116159,1
116238,1
116254,1
1163,1
116362,1
116443,1
116835,1
116966,1
116984,1
116987,1
117,1
117177,1
117247,1
117248,1
1174,1
117581,1
1179,1
1180,1
1183,1
118491,1
1187,1
1188,1
1193,1
119391,1
1195,1
119587,1
12,1
120,1
120376,1
120400,1
120425,1
121053,1
1212,1
121268,1
121457,1
121504,1
121506,1
121512,1
121642,1
122416,1
122773,1
122786,1
122953,1
123,1
1230,1
123096,1
123745,1
123775,1
124,1
124045,1
124056,1
1244,1
124936,1
124961,1
124976,1
125061,1
125170,1
1261,1
126308,1
126326,1
126374,1
126382,1
126432,1
126433,1
1265,1
126669,1
126792,1
1268,1
126961,1
127002,1
1272,1
127262,1
127294,1
127435,1
127534,1
127602,1
1277,1
1278,1
128077,1
1282,1
128346,1
1284,1
128414,1
128434,1
128553,1
1287,1
128853,1
128869,1
1290,1
1291,1
1292,1
129401,1
1295,1
1299,1
1300,1
130026,1
1301,1
130162,1
130271,1
1303,1
130399,1
1305,1
130502,1
130576,1
1306,1
130612,1
131177,1
131408,1
131544,1
131566,1
131583,1
1316,1
131870,1
131965,1
132,1
132430,1
132884,1
133418,1
134111,1
134285,1
1346,1
135112,1
135228,1
135293,1
1356,1
135644,1
1359,1
1363,1
136647,1
136853,1
136895,1
137209,1
1373,1
137392,1
137492,1
137695,1
1378,1
1379,1
1382,1
138311,1
139285,1
1397,1
139716,1
139728,1
1400,1
140460,1
140462,1
140606,1
140700,1
140701,1
140738,1
140766,1
1408,1
140831,1
140862,1
140876,1
140902,1
141,1
143098,1
143279,1
143458,1
1435,1
143686,1
143872,1
143903,1
144097,1
144165,1
144406,1
144535,1
144577,1
144715,1
145270,1
145376,1
145407,1
145567,1
145581,1
145781,1
145788,1
145864,1
146206,1
146542,1
146712,1
146754,1
146909,1
147111,1
147179,1
147339,1
147409,1
147495,1
1475,1
147645,1
147660,1
1477,1
147841,1
147906,1
147912,1
147920,1
147948,1
147968,1
148170,1
148418,1
148523,1
148545,1
148741,1
1490,1
149076,1
149111,1
1493,1
149466,1
149840,1
150094,1
1501,1
150159,1
150248,1
150290,1
150356,1
150590,1
150696,1
150946,1
151126,1
151295,1
151306,1
151354,1
1514,1
151473,1
1515,1
151556,1
151648,1
151827,1
151887,1
152,1
152006,1
152330,1
1525,1
152519,1
152573,1
152831,1
153,1
153572,1
154,1
154007,1
154043,1
154091,1
1545,1
154661,1
155038,1
155368,1
155465,1
1562,1
157313,1
157570,1
1576,1
157769,1
157777,1
158067,1
158158,1
158399,1
1588,1
158866,1
1589,1
159090,1
1591,1
1600,1
160518,1
160622,1
160857,1
160897,1
1610,1
161145,1
161176,1
161198,1
161436,1
1615,1
161882,1
1627,1
162966,1
162979,1
1630,1
163183,1
163223,1
1634,1
163589,1
163782,1
163786,1
163882,1
1645,1
1646,1
164832,1
165,1
165055,1
165186,1
165215,1
1662,1
1663,1
166614,1
166815,1
166824,1
1672,1
167465,1
167691,1
168374,1
168455,1
168544,1
168620,1
168667,1
169200,1
169522,1
170394,1
170690,1
170958,1
170960,1
170961,1
171568,1
1717,1
1727,1
1728,1
1734,1
1735,1
1740,1
1742,1
1743,1
1757,1
176,1
1763,1
1768,1
1775,1
1776,1
1789,1
1795,1
1800,1
1804,1
1809,1
1813,1
1816,1
1822,1
1827,1
1830,1
1838,1
1841,1
1842,1
1844,1
1845,1
1850,1
187,1
1876,1
1879,1
1891,1
1893,1
1901,1
1903,1
1910,1
1917,1
192683,1
1945,1
1946,1
1955,1
196051,1
196403,1
196446,1
196527,1
196740,1
196743,1
196792,1
1968,1
196883,1
1978,1
1996,1
199675,1
199731,1
199777,1
2,1
200162,1
200315,1
200634,1
200728,1
200844,1
201134,1
2012,1
2014,1
201475,1
201595,1
202,1
202018,1
202052,1
202333,1
202374,1
202559,1
2027,1
2028,1
2030,1
203069,1
203111,1
2033,1
203328,1
2034,1
203447,1
203547,1
2037,1
2039,1
2040,1
2042,1
2050,1
2051,1
2052,1
2053,1
2057,1
2064,1
2065,1
2067,1
2070,1
2078,1
2086,1
2091,1
21,1
2108,1
2114,1
2115,1
2121,1
214,1
2149,1
2150,1
2152,1
2153,1
2157,1
2161,1
2162,1
2167,1
2168,1
2169,1
2172,1
2175,1
2185,1
2191,1
2192,1
219293,1
219539,1
219623,1
219699,1
219736,1
219855,1
219972,1
2200,1
220042,1
220134,1
2202,1
220323,1
2204,1
2205,1
220869,1
2209,1
220965,1
220972,1
221188,1
221322,1
2214,1
221476,1
2215,1
221527,1
221749,1
221830,1
2219,1
221935,1
221981,1
222008,1
222256,1
222663,1
222962,1
223117,1
2235,1
225,1
2252,1
2254,1
2258,1
2260,1
2261,1
2264,1
2275,1
2277,1
22803,1
22808,1
22848,1
22866,1
22871,1
22873,1
22877,1
2288,1
22885,1
22889,1
22899,1
229,1
22906,1
22915,1
22918,1
22924,1
22934,1
22949,1
2296,1
22982,1
22983,1
22995,1
22996,1
22997,1
22999,1
2300,1
23002,1
23005,1
23007,1
23017,1
2302,1
2303,1
23031,1
23037,1
23046,1
23060,1
23066,1
2307,1
2308,1
23090,1
23094,1
23095,1
23098,1
23111,1
23114,1
2313,1
2314,1
23148,1
23149,1
23157,1
23158,1
23160,1
23166,1
23169,1
23171,1
23178,1
23187,1
23194,1
23201,1
23205,1
23208,1
23212,1
23213,1
23216,1
23223,1
23225,1
2323,1
23231,1
23233,1
23239,1
2324,1
23245,1
23255,1
23258,1
23266,1
2330,1
23303,1
23305,1
2331,1
23327,1
23328,1
23329,1
23333,1
23347,1
23354,1
23363,1
23366,1
23371,1
23396,1
23413,1
23414,1
23426,1
23428,1
23430,1
23450,1
23452,1
23460,1
23461,1
23462,1
23467,1
23475,1
2348,1
23499,1
2350,1
23504,1
23522,1
23531,1
23541,1
2355,1
23552,1
2356,1
23580,1
23587,1
23589,1
23612,1
23616,1
23619,1
23627,1
23639,1
23641,1
23676,1
23704,1
23705,1
23741,1
23768,1
23769,1
238,1
24140,1
24141,1
24146,1
24147,1
245812,1
245973,1
2487,1
2494,1
25,1
2530,1
2532,1
2535,1
253650,1
253738,1
253782,1
253827,1
253982,1
254122,1
254251,1
254295,1
254531,1
254827,1
255027,1
255189,1
255403,1
255488,1
255809,1
255877,1
255967,1
256158,1
2562,1
256380,1
2564,1
256691,1
256949,1
257000,1
257068,1
257364,1
25789,1
2580,1
25803,1
25817,1
25823,1
25825,1
2583,1
25854,1
25884,1
25888,1
25891,1
25900,1
25902,1
25903,1
25907,1
2591,1
25913,1
25923,1
259232,1
25924,1
25925,1
25927,1
259289,1
259290,1
259292,1
259293,1
259295,1
25932,1
25943,1
2596,1
25960,1
25970,1
25979,1
25989,1
26,1
26002,1
26013,1
26018,1
26027,1
260293,1
26038,1
260425,1
26047,1
26050,1
26064,1
26084,1
26086,1
26092,1
26108,1
26137,1
2615,1
26156,1
26157,1
26166,1
26167,1
2617,1
2618,1
2619,1
26240,1
26260,1
26267,1
26277,1
26278,1
26330,1
26353,1
26355,1
2641,1
26468,1
2649,1
26509,1
26520,1
26524,1
2653,1
26548,1
26577,1
266675,1
266727,1
2669,1
2672,1
26751,1
2678,1
2681,1
2683,1
2690,1
2694,1
26996,1
26999,1
2702,1
27020,1
27035,1
27044,1
2705,1
27065,1
27071,1
27086,1
271,1
27113,1
27124,1
27143,1
27148,1
27151,1
2717,1
27199,1
27239,1
27240,1
27242,1
27244,1
27245,1
27286,1
27287,1
27289,1
27295,1
27299,1
27303,1
27306,1
2731,1
27319,1
27329,1
27340,1
27350,1
2736,1
2737,1
2739,1
2743,1
27439,1
27443,1
275,1
2770,1
2781,1
2785,1
2788,1
2791,1
280,1
2811,1
28227,1
2823,1
282809,1
282974,1
282996,1
283208,1
283212,1
283234,1
283248,1
283298,1
283383,1
283417,1
283518,1
2838,1
284,1
2840,1
2841,1
284110,1
284119,1
284131,1
284252,1
284273,1
284297,1
284307,1
284338,1
284391,1
284439,1
284486,1
2845,1
284613,1
284656,1
284992,1
285,1
285016,1
285025,1
28514,1
285440,1
285527,1
285613,1
285643,1
285848,1
285973,1
286046,1
286097,1
286262,1
286319,1
286343,1
2865,1
2867,1
286826,1
286827,1
287,1
2872,1
2874,1
2877,1
2878,1
2882,1
2888,1
2894,1
28951,1
28966,1
28968,1
28985,1
28986,1
28987,1
28999,1
2901,1
29015,1
2902,1
2907,1
29080,1
291,1
29106,1
29121,1
29127,1
2936,1
2946,1
2947,1
2954,1
29767,1
29789,1
2982,1
2983,1
29851,1
29903,1
29915,1
2992,1
29935,1
29943,1
29948,1
29966,1
29970,1
29984,1
2999,1
29995,1
30008,1
3009,1
3012,1
3013,1
3017,1
3032,1
3034,1
3043,1
3045,1
3053,1
306,1
3066,1
3070,1
3075,1
3081,1
30811,1
30818,1
30827,1
30835,1
3084,1
30846,1
30851,1
309,1
3090,1
3101,1
3110,1
3142,1
3148,1
3158,1
316,1
3161,1
3162,1
3164,1
3177,1
317772,1
3207,1
3212,1
3216,1
3218,1
3219,1
322,1
3231,1
3233,1
3234,1
324,1
3240,1
3242,1
3251,1
326624,1
3268,1
3290,1
3303,1
3310,1
3315,1
3316,1
3321,1
333,1
3339,1
333932,1
3340,1
3356,1
3373,1
3376,1
337876,1
338,1
3382,1
3383,1
338328,1
338440,1
338557,1
338645,1
339366,1
339451,1
339479,1
339778,1
339804,1
339855,1
339965,1
34,1
3400,1
340024,1
340146,1
340267,1
340273,1
340419,1
340485,1
340526,1
340533,1
340654,1
341208,1
341676,1
3419,1
342035,1
342510,1
342527,1
342667,1
342926,1
343099,1
3434,1
343450,1
344148,1
345062,1
346528,1
347,1
347240,1
347404,1
3475,1
347902,1
348013,1
348110,1
3485,1
348654,1
3487,1
3488,1
3489,1
348995,1
3490,1
3491,1
353116,1
353189,1
353345,1
353514,1
3552,1
3553,1
3554,1
3569,1
3572,1
3575,1
3577,1
358,1
3586,1
3589,1
360200,1
3606,1
3608,1
3611,1
3613,1
3614,1
3620,1
3625,1
3632,1
3635,1
3638,1
364,1
3643,1
3646,1
3655,1
367,1
3672,1
3678,1
3684,1
3687,1
37,1
3700,1
3704,1
3705,1
3726,1
3730,1
3737,1
374,1
3741,1
3742,1
374286,1
3745,1
374877,1
374977,1
375033,1
375057,1
375061,1
375190,1
3752,1
375248,1
375444,1
3755,1
3757,1
3767,1
3769,1
3777,1
3778,1
3781,1
3783,1
379,1
3798,1
3815,1
3816,1
3832,1
384,1
3843,1
3854,1
387104,1
387264,1
387496,1
387695,1
387755,1
387758,1
387763,1
387804,1
387914,1
388,1
388115,1
388125,1
388135,1
388324,1
388341,1
388552,1
388559,1
388561,1
388567,1
388581,1
388595,1
388630,1
388677,1
388730,1
389058,1
389114,1
389136,1
3892,1
389332,1
389333,1
389337,1
389384,1
389432,1
389434,1
3897,1
389813,1
389856,1
3902,1
390205,1
3908,1
3910,1
3913,1
3925,1
3931,1
3932,1
3934,1
395,1
3953,1
3954,1
3955,1
3956,1
3958,1
3960,1
3977,1
3990,1
3991,1
3992,1
399473,1
3995,1
399694,1
4001,1
400581,1
400793,1
400961,1
400986,1
401081,1
4013,1
401494,1
401541,1
4016,1
401647,1
401944,1
4023,1
402317,1
404281,1
4045,1
4050,1
4052,1
4054,1
4056,1
405753,1
4058,1
4060,1
4061,1
4065,1
4068,1
4070,1
4084,1
410,1
4117,1
4118,1
412,1
4130,1
4133,1
4137,1
4139,1
414062,1
4143,1
4148,1
4149,1
415,1
4152,1
4154,1
4157,1
4162,1
4166,1
4172,1
4179,1
4188,1
4205,1
4208,1
4209,1
4215,1
4223,1
4224,1
4232,1
4256,1
4282,1
4283,1
4286,1
4291,1
4303,1
4314,1
4319,1
432,1
4322,1
4323,1
4327,1
4330,1
4331,1
4337,1
4345,1
4352,1
4355,1
4357,1
4360,1
4361,1
43849,1
439921,1
440,1
440073,1
440107,1
440503,1
440519,1
440603,1
440689,1
441027,1
441282,1
441459,1
441518,1
442319,1
4436,1
4439,1
445571,1
4478,1
4482,1
4487,1
4502,1
4508,1
4512,1
4513,1
4514,1
4519,1
4522,1
4524,1
4534,1
4536,1
4538,1
4540,1
4541,1
4547,1
4583,1
4585,1
4602,1
4604,1
4613,1
4616,1
4619,1
4620,1
4621,1
4625,1
463,1
4637,1
4641,1
4644,1
4647,1
4660,1
467,1
4675,1
4685,1
4739,1
4744,1
4747,1
4752,1
4756,1
4760,1
4772,1
4774,1
4776,1
4778,1
4781,1
4782,1
4804,1
4810,1
4811,1
4815,1
482,1
4826,1
4828,1
4830,1
4839,1
4841,1
4842,1
4855,1
4858,1
4869,1
4881,1
4882,1
4883,1
4886,1
4892,1
490,1
4907,1
4913,1
4915,1
4919,1
4920,1
4921,1
492311,1
4929,1
493,1
493869,1
493911,1
4948,1
4957,1
4958,1
4973,1
4982,1
49861,1
5005,1
5008,1
5010,1
5019,1
5027,1
5029,1
5030,1
5033,1
50506,1
50507,1
50512,1
5053,1
5054,1
50619,1
5063,1
50636,1
5064,1
50651,1
5066,1
5068,1
50810,1
50814,1
50832,1
50856,1
50861,1
5087,1
5090,1
5091,1
50937,1
5095,1
5097,1
5099,1
51004,1
5101,1
51042,1
51043,1
5105,1
51059,1
51062,1
51082,1
51085,1
51088,1
51098,1
51099,1
51109,1
5111,1
51117,1
51129,1
51134,1
51154,1
51161,1
51162,1
51170,1
51177,1
51195,1
51206,1
5122,1
51222,1
51226,1
51251,1
51257,1
51280,1
51302,1
51306,1
51308,1
51310,1
51317,1
51332,1
51338,1
51351,1
5136,1
51360,1
51361,1
51363,1
51365,1
5137,1
51388,1
5140,1
51422,1
5143,1
51435,1
51444,1
5145,1
51471,1
51473,1
51478,1
51491,1
51495,1
51501,1
51504,1
51513,1
51523,1
5153,1
51533,1
51545,1
51548,1
51559,1
5156,1
51560,1
51562,1
51567,1
51569,1
5157,1
5158,1
5164,1
51645,1
51654,1
51655,1
51660,1
51669,1
51673,1
51678,1
5168,1
51691,1
51700,1
51704,1
51705,1
51715,1
51719,1
51728,1
5174,1
51747,1
5175,1
51761,1
51776,1
5199,1
5203,1
5205,1
5208,1
5212,1
5217,1
5222,1
5228,1
5230,1
5236,1
5243,1
5260,1
5264,1
5265,1
5266,1
5270,1
5272,1
5284,1
529,1
5292,1
5307,1
5308,1
5310,1
5311,1
5313,1
5317,1
5327,1
5332,1
5334,1
53345,1
53349,1
53353,1
53405,1
5346,1
5348,1
5349,1
5350,1
5352,1
5354,1
5358,1
5361,1
5362,1
5365,1
5366,1
5367,1
5376,1
5378,1
53833,1
53834,1
53905,1
53947,1
54084,1
54097,1
54102,1
5414,1
54187,1
5420,1
54207,1
5422,1
54221,1
5424,1
5425,1
54346,1
5436,1
54413,1
54429,1
54436,1
54461,1
54475,1
54492,1
545,1
54502,1
54507,1
54510,1
54518,1
54538,1
54541,1
54549,1
54554,1
54558,1
54566,1
54577,1
54579,1
54587,1
54596,1
54600,1
54606,1
54619,1
54626,1
54663,1
5467,1
54674,1
54675,1
54677,1
547,1
5471,1
54749,1
54753,1
54776,1
5478,1
54790,1
54796,1
54798,1
54805,1
54820,1
54830,1
54836,1
54838,1
54843,1
54848,1
54851,1
54852,1
54855,1
54857,1
54858,1
54866,1
54873,1
54881,1
54890,1
54905,1
54915,1
54922,1
54929,1
54932,1
54933,1
5494,1
54963,1
54996,1
5500,1
55001,1
55013,1
55020,1
55026,1
55027,1
55034,1
55038,1
55064,1
550643,1
55068,1
5507,1
55082,1
55083,1
55084,1
55089,1
5509,1
55093,1
55108,1
55110,1
55113,1
55118,1
55130,1
55137,1
55139,1
55159,1
55166,1
552,1
55203,1
55205,1
5521,1
55215,1
55225,1
55227,1
55243,1
55246,1
55251,1
55268,1
55277,1
55281,1
55282,1
55286,1
55300,1
55315,1
5532,1
55321,1
55323,1
55332,1
55333,1
55345,1
55349,1
55351,1
55353,1
55359,1
55362,1
55366,1
554,1
554282,1
554313,1
55437,1
5549,1
55500,1
55502,1
55507,1
55512,1
55521,1
55534,1
55540,1
55544,1
55553,1
55561,1
5557,1
55600,1
55608,1
55609,1
55616,1
55621,1
5563,1
5566,1
55691,1
55695,1
55698,1
55700,1
55706,1
55714,1
55722,1
55723,1
55732,1
55738,1
55742,1
55757,1
55769,1
55777,1
5578,1
55786,1
55787,1
55793,1
55794,1
55796,1
55799,1
558,1
55800,1
55805,1
55806,1
55808,1
55809,1
5581,1
55811,1
55835,1
55839,1
55862,1
5587,1
55872,1
55876,1
55905,1
55907,1
5591,1
55916,1
55922,1
55924,1
5593,1
5595,1
5596,1
55970,1
5598,1
56000,1
56034,1
5608,1
56111,1
56113,1
56127,1
56128,1
56129,1
56131,1
56139,1
56159,1
56164,1
56180,1
56181,1
56204,1
5621,1
5624,1
56241,1
56261,1
56265,1
56271,1
5629,1
5631,1
56477,1
5649,1
5653,1
5654,1
5655,1
56606,1
5662,1
56648,1
56652,1
56667,1
56729,1
56833,1
56849,1
56852,1
5687,1
56892,1
56899,1
56902,1
56911,1
56917,1
56920,1
56925,1
56929,1
56934,1
56944,1
56950,1
56961,1
56967,1
5697,1
56975,1
56978,1
5698,1
56999,1
57007,1
57020,1
57045,1
57082,1
57088,1
57101,1
57104,1
57111,1
57116,1
57122,1
57124,1
57128,1
57132,1
57134,1
57136,1
57139,1
57156,1
57161,1
57171,1
57180,1
57181,1
57194,1
57198,1
57217,1
57221,1
57222,1
57224,1
57232,1
5732,1
5733,1
57348,1
57381,1
5740,1
57402,1
57406,1
57415,1
57419,1
5745,1
57451,1
57453,1
57473,1
57489,1
57493,1
57494,1
57501,1
57502,1
57511,1
57514,1
57524,1
57530,1
57537,1
57539,1
57545,1
57554,1
57555,1
57559,1
57573,1
57576,1
57578,1
57593,1
57597,1
57600,1
57608,1
57616,1
57619,1
57628,1
57630,1
57631,1
57633,1
57636,1
57648,1
57650,1
57659,1
57678,1
57683,1
57687,1
57688,1
57692,1
57699,1
57704,1
57710,1
57715,1
57716,1
57717,1
57730,1
57731,1
57732,1
57733,1
57804,1
57820,1
57822,1
5783,1
5784,1
5792,1
5797,1
5798,1
58,1
5800,1
5801,1
5802,1
5803,1
5806,1
5818,1
582,1
5825,1
5827,1
5837,1
58472,1
58477,1
58478,1
58489,1
5858,1
5866,1
5869,1
5873,1
5874,1
5881,1
5896,1
59,1
590,1
5901,1
5902,1
5906,1
5909,1
5911,1
5918,1
5919,1
5925,1
59271,1
5933,1
59345,1
59353,1
5937,1
595,1
5950,1
5961,1
5962,1
597,1
5990,1
5994,1
5997,1
60,1
6001,1
6004,1
6035,1
604,1
6041,1
60481,1
60487,1
6059,1
60676,1
60681,1
6094,1
6097,1
610,1
6129,1
6144,1
6167,1
6170,1
6208,1
6222,1
623,1
6236,1
6237,1
6249,1
6252,1
6256,1
6261,1
6262,1
6263,1
6273,1
6279,1
6285,1
6288,1
6297,1
6299,1
6300,1
63027,1
6310,1
6319,1
632,1
6322,1
6329,1
633,1
6331,1
6340,1
6347,1
6351,1
6355,1
6356,1
6357,1
6358,1
6362,1
6366,1
6367,1
6368,1
6369,1
637,1
6372,1
6373,1
6374,1
638,1
6382,1
6383,1
6387,1
63874,1
63875,1
63876,1
6389,1
63895,1
63898,1
63910,1
63924,1
63926,1
63934,1
63951,1
63971,1
63976,1
6401,1
6403,1
6405,1
64062,1
64065,1
64067,1
64072,1
64078,1
64080,1
64081,1
64097,1
64105,1
64122,1
64123,1
64127,1
641371,1
64170,1
641700,1
64174,1
64175,1
64207,1
6422,1
64220,1
64221,1
6423,1
64236,1
6424,1
64283,1
642987,1
643008,1
64318,1
64321,1
64327,1
64328,1
643338,1
64344,1
64359,1
64375,1
64397,1
643988,1
644019,1
64403,1
64411,1
64417,1
64421,1
6443,1
6444,1
6446,1
644844,1
644943,1
64499,1
6450,1
64506,1
6451,1
645121,1
645202,1
645369,1
645402,1
645836,1
64641,1
64651,1
646851,1
64748,1
64753,1
64772,1
64773,1
64785,1
64799,1
6480,1
64805,1
6483,1
64838,1
64849,1
64859,1
6487,1
64881,1
64919,1
64921,1
64943,1
64946,1
6498,1
65009,1
6502,1
65057,1
6507,1
65078,1
6508,1
6510,1
65108,1
6512,1
6513,1
6518,1
652,1
6520,1
6523,1
6524,1
65243,1
65263,1
65267,1
652968,1
653149,1
6532,1
6535,1
653604,1
653720,1
653820,1
653857,1
654346,1
6546,1
655,1
6556,1
6560,1
6567,1
6571,1
6573,1
6586,1
6594,1
65997,1
66002,1
66004,1
66036,1
6604,1
6614,1
6615,1
6616,1
6624,1
6627,1
6636,1
6638,1
6640,1
666,1
6660,1
6663,1
6665,1
6675,1
6678,1
6690,1
6695,1
6696,1
6700,1
6703,1
6710,1
6713,1
6715,1
6722,1
6723,1
6725,1
6732,1
6742,1
6750,1
6752,1
6769,1
6770,1
6781,1
6785,1
6788,1
6819,1
682,1
6833,1
6839,1
685,1
6853,1
6854,1
6867,1
6869,1
6876,1
6881,1
6894,1
6895,1
6899,1
6900,1
6907,1
6916,1
6919,1
6925,1
6927,1
6932,1
6934,1
6947,1
6998,1
70,1
7004,1
7005,1
7010,1
7018,1
7022,1
7026,1
7027,1
7036,1
7041,1
7042,1
7043,1
705,1
7050,1
7052,1
7056,1
7057,1
7058,1
7059,1
7060,1
7068,1
7070,1
7071,1
7072,1
7074,1
7075,1
7077,1
7083,1
7086,1
7087,1
7091,1
7092,1
7097,1
710,1
7104,1
7105,1
7106,1
7108,1
7122,1
7130,1
7136,1
7137,1
7138,1
7139,1
7140,1
715,1
716,1
7161,1
7165,1
7173,1
7174,1
7177,1
718,1
7188,1
720,1
7203,1
721,1
7216,1
722,1
7220,1
7223,1
7225,1
7226,1
7227,1
723790,1
725,1
726,1
7262,1
7273,1
7275,1
7280,1
728229,1
728464,1
728577,1
7286,1
728927,1
729,1
729020,1
7291,1
7292,1
729359,1
729830,1
729920,1
730,1
7301,1
7325,1
733,1
7345,1
7347,1
7366,1
7367,1
7373,1
7424,1
7431,1
7432,1
7434,1
7436,1
744,1
7448,1
7450,1
7461,1
7473,1
7481,1
7482,1
7490,1
7498,1
751071,1
7517,1
7574,1
7576,1
7582,1
7587,1
7617,1
7625,1
7637,1
766,1
7675,1
768206,1
7694,1
7697,1
770,1
7718,1
773,1
7748,1
775,1
7753,1
7757,1
776,1
7762,1
7772,1
7780,1
7803,1
781,1
7812,1
7837,1
7844,1
7846,1
7857,1
7866,1
7881,1
78986,1
78990,1
79000,1
79023,1
79027,1
79041,1
79047,1
79070,1
79080,1
79083,1
79084,1
79092,1
79145,1
79365,1
794,1
7941,1
7957,1
79583,1
79586,1
79608,1
79611,1
79625,1
79628,1
79646,1
79649,1
79654,1
79656,1
79658,1
79671,1
79684,1
79689,1
79695,1
79697,1
79699,1
79711,1
79720,1
79728,1
79729,1
79730,1
79733,1
79742,1
79745,1
7976,1
79776,1
79782,1
79799,1
79805,1
79814,1
79823,1
79825,1
79838,1
79845,1
79849,1
79850,1
79864,1
79873,1
79890,1
79901,1
7991,1
79915,1
79919,1
79931,1
79937,1
79947,1
79949,1
79955,1
79957,1
79971,1
79987,1
79989,1
79993,1
79998,1
800,1
8000,1
80003,1
80005,1
80017,1
80018,1
80019,1
80023,1
80031,1
80063,1
80071,1
801,1
80115,1
80117,1
80119,1
80127,1
8013,1
80144,1
80149,1
80157,1
80162,1
80164,1
80168,1
80176,1
80177,1
80183,1
80201,1
80210,1
80235,1
80256,1
80258,1
8029,1
80303,1
80310,1
80312,1
80318,1
80320,1
80321,1
80333,1
80345,1
8038,1
8061,1
80705,1
80725,1
80726,1
80740,1
80741,1
80758,1
8076,1
80816,1
8082,1
80820,1
8089,1
8091,1
81030,1
81034,1
81035,1
8120,1
81285,1
814,1
81493,1
815,1
81502,1
81553,1
81557,1
81563,1
816,1
81607,1
81792,1
81796,1
8187,1
81928,1
824,1
827,1
8291,1
8294,1
831,1
8321,1
8322,1
8323,1
8324,1
8325,1
8328,1
8329,1
8330,1
8334,1
8335,1
8337,1
8340,1
83448,1
83449,1
83468,1
8347,1
83478,1
8351,1
83543,1
8357,1
8358,1
83595,1
83596,1
8360,1
83604,1
83606,1
8364,1
83643,1
8366,1
83667,1
8370,1
83716,1
83742,1
83756,1
83787,1
838,1
83850,1
83856,1
83862,1
83871,1
83879,1
83892,1
83940,1
83943,1
8395,1
83959,1
83987,1
83988,1
83990,1
83999,1
84000,1
84002,1
8402,1
84056,1
84057,1
84058,1
8406,1
84085,1
84102,1
84106,1
8412,1
84133,1
84135,1
84154,1
84159,1
84162,1
84163,1
84168,1
84171,1
84179,1
84190,1
84193,1
84206,1
84230,1
84243,1
84251,1
84259,1
84261,1
84283,1
84286,1
84294,1
84295,1
843,1
84300,1
84302,1
84303,1
84307,1
8431,1
84312,1
84318,1
84320,1
84321,1
8434,1
84417,1
84419,1
84433,1
84445,1
84446,1
84448,1
84451,1
84466,1
84502,1
8451,1
84515,1
84524,1
84547,1
84552,1
8458,1
8460,1
84612,1
84617,1
84623,1
84626,1
84632,1
84645,1
84649,1
84662,1
84665,1
84666,1
84668,1
84699,1
8470,1
84706,1
84725,1
8473,1
8476,1
84766,1
8481,1
84812,1
84818,1
84823,1
8483,1
84842,1
84866,1
84869,1
84870,1
84873,1
84895,1
8490,1
84900,1
84912,1
84913,1
8492,1
84935,1
84952,1
84954,1
84957,1
84966,1
84968,1
84969,1
84976,1
84978,1
8499,1
85004,1
85007,1
85012,1
85027,1
8506,1
8514,1
85235,1
85236,1
85301,1
85315,1
8535,1
85352,1
85360,1
85379,1
8541,1
85453,1
8547,1
8553,1
8568,1
8572,1
86,1
8605,1
861,1
8612,1
8613,1
8614,1
8618,1
862,1
8622,1
8630,1
8631,1
8632,1
8633,1
8638,1
8642,1
8647,1
8648,1
865,1
8659,1
866,1
8662,1
8667,1
8676,1
8685,1
87,1
8705,1
8707,1
871,1
8711,1
87178,1
8722,1
8742,1
8743,1
8744,1
8771,1
87769,1
8777,1
8795,1
8797,1
8800,1
8801,1
8808,1
8816,1
8824,1
8828,1
8829,1
8835,1
8839,1
8853,1
8854,1
8862,1
8875,1
8877,1
8897,1
8905,1
8910,1
8913,1
8925,1
8926,1
8933,1
8942,1
8972,1
8975,1
89765,1
898,1
89832,1
89848,1
89849,1
89866,1
89876,1
8988,1
8991,1
89953,1
9,1
90019,1
90025,1
901,1
90102,1
90139,1
90141,1
9015,1
9016,1
90161,1
9022,1
90355,1
90362,1
9047,1
90485,1
9055,1
90557,1
9056,1
9057,1
9058,1
90589,1
90627,1
9064,1
9066,1
90668,1
9073,1
9075,1
9077,1
908,1
9080,1
90853,1
90874,1
9098,1
90987,1
9099,1
91057,1
9114,1
91147,1
91156,1
912,1
9122,1
91227,1
9127,1
91272,1
9134,1
9136,1
914,1
91419,1
9145,1
91464,1
9148,1
915,1
91543,1
91584,1
91608,1
9162,1
91653,1
91661,1
91663,1
91703,1
9172,1
91754,1
91782,1
9180,1
91860,1
91862,1
9194,1
91947,1
9200,1
9209,1
921,1
9211,1
9212,1
92126,1
92154,1
92235,1
9229,1
923,1
92305,1
92312,1
9232,1
924,1
9240,1
9244,1
92482,1
9252,1
9253,1
92558,1
9260,1
92667,1
92675,1
92689,1
9271,1
92736,1
92745,1
92797,1
9283,1
92840,1
929,1
92912,1
92922,1
9293,1
9294,1
92999,1
93,1
93010,1
93035,1
9306,1
9330,1
9332,1
93474,1
9353,1
9358,1
93624,1
9368,1
9369,1
9388,1
93953,1
94015,1
94030,1
94081,1
941,1
94101,1
94104,1
9411,1
94121,1
94137,1
9415,1
94241,1
943,1
9444,1
9447,1
9455,1
9459,1
946,1
9466,1
9469,1
947,1
9472,1
948,1
9480,1
9481,1
9493,1
9495,1
9498,1
9499,1
9507,1
9509,1
9531,1
9532,1
9533,1
9540,1
9542,1
9560,1
9567,1
9583,1
9584,1
9585,1
9590,1
9607,1
9609,1
9610,1
9627,1
9630,1
9633,1
9637,1
9638,1
9641,1
9650,1
9654,1
9657,1
9663,1
9668,1
9672,1
9678,1
9693,1
9701,1
9704,1
9712,1
9725,1
9728,1
9734,1
9735,1
9737,1
9745,1
9750,1
9751,1
9754,1
9759,1
9762,1
9770,1
978,1
9781,1
9783,1
9796,1
9827,1
9828,1
9832,1
9839,1
9853,1
9854,1
987,1
9892,1
9895,1
9899,1
9900,1
9905,1
9911,1
9915,1
9918,1
9928,1
9929,1
9935,1
9936,1
9940,1
9945,1
9949,1
995,1
9971,1
