Symbol,Module,Degree,Log2FC
PPARGC1A,1,22,-2.17018965
AOX1,1,22,-1.541298953
MAPT,1,20,-3.35677094
ADH1C,1,17,-4.990729869
UGT1A1,1,16,-2.99363621
ADH1B,1,16,-3.897421842
UGT1A10,1,16,-3.24620866
UGT1A4,1,16,-2.591749327
UGT1A8,1,16,-3.025733549
CYP2B6,1,15,1.800155258
ADH1A,1,13,-4.76244268
SYP,1,13,-2.558870699
CYP19A1,1,13,3.614688331
NR1H4,1,13,-3.287510795
UGT2B17,1,12,-3.483319818
MAOB,1,12,-3.344818136
HPGDS,1,11,-2.105486168
CYP2S1,1,11,1.902788439
UGT2B15,1,11,-3.617433074
UGT1A3,1,11,-2.5993198
NR0B2,1,10,2.440232471
UGDH,1,10,-1.813209973
MAOA,1,10,-1.755221722
PRKN,1,10,-1.391932411
GPX2,1,10,1.738334105
NEFL,1,10,-4.529232764
RAB3A,1,9,-1.534244931
HSD17B2,1,8,-3.411057349
SYN1,1,8,-2.335063646
VAMP2,1,8,-1.512623049
GABARAPL1,1,8,-1.388564511
MFN2,1,8,-1.124430873
CES2,1,8,-1.471053948
TPH1,1,7,-3.84628623
GSTM5,1,7,-2.156273208
DPYD,1,7,-1.336783323
UGT1A5,1,7,-2.567488882
PINK1,1,7,-1.531885278
GGT6,1,7,-1.739602417
FABP6,1,7,5.649782134
SLC6A4,1,6,1.964373159
BCHE,1,6,-7.172203731
LRRK2,1,6,-1.477923052
SLC2A4,1,6,-3.372116245
NR5A2,1,6,-1.493766308
GAP43,1,6,-5.566668776
ADHFE1,1,6,-2.423540417
KIF1A,1,6,-7.175727102
ABCC2,1,6,2.987355484
ABCB11,1,6,-4.199114957
NEFM,1,5,-3.909382597
SLC51A,1,5,-4.325504936
ACHE,1,5,-2.619835559
SLC51B,1,5,-3.582198724
AKR1B10,1,5,-3.513657412
MAP2,1,5,-3.168550515
DES,1,5,-5.437106554
FOXA2,1,5,1.841775502
RXRA,1,5,-1.146032609
ATP8B1,1,5,-1.440397128
PTGS1,1,5,-3.024872604
MUSK,1,5,-3.010408155
RETSAT,1,4,-2.151157986
PRDX6,1,4,-1.660330391
KIF5C,1,4,-3.241812396
DHRS11,1,4,-2.419871263
CYP26B1,1,3,-2.430152791
PDK4,1,3,-3.252219063
TGDS,1,3,1.643876659
SORD,1,3,2.116656351
GGCT,1,3,1.388880743
PTGDR,1,3,-2.882315599
TRAK2,1,3,-1.083755267
GABRE,1,3,1.845226896
SYTL4,1,3,-1.370196256
SNAP91,1,3,-4.305438529
DIO2,1,3,2.135391195
RIMS1,1,3,-2.521741655
DHRS9,1,3,-3.807757433
CYP4F3,1,2,1.400906282
STBD1,1,2,-2.03934389
WDR7,1,2,-1.075620618
PRPH,1,2,-4.221881337
RDH5,1,2,-2.358911212
CHRNA1,1,2,-2.784774499
FABP2,1,2,-1.629393297
FYCO1,1,2,-1.498293392
CHRFAM7A,1,2,-2.687800678
RETREG1,1,2,-1.616938258
PCK1,1,2,-2.001818477
KIF1C,1,2,-1.44713703
PTGDR2,1,2,-4.0658804
THRB,1,2,-2.469704663
AAK1,1,2,-1.394733039
RAB3IP,1,2,1.063820656
NBPF1,1,2,-1.913225161
PTPN21,1,2,-1.945010338
ONECUT2,1,2,2.986072885
PDXP,1,1,-1.426752661
TBC1D1,1,1,-1.356245861
PDZRN3,1,1,-2.188975412
CYP39A1,1,1,1.828073869
MTERF3,1,1,1.187798348
CMBL,1,1,-1.924797895
GOLT1A,1,1,1.813549251
CLTB,1,1,-1.060132842
ATG4D,1,1,-1.385099247
TRIM2,1,1,1.164369468
TRIM29,1,1,4.019982449
TP53INP2,1,1,-2.422807032
CEP83,1,1,1.179580506
ATP11A,1,1,1.855060792
RAB3B,1,1,-2.148608646
EPM2A,1,1,-2.150311736
ROGDI,1,1,-1.462668732
GPR180,1,1,1.348076836
SLC22A3,1,1,2.436955803
SYNGR1,1,1,-3.523000095
PRIMA1,1,1,-4.597562053
NFE2L1,1,1,-1.197464487
TSHZ1,1,1,-1.383331884
SLC6A20,1,1,3.946898031
CHRNA7,1,1,-2.65193155
NIT2,1,1,1.313762147
TBC1D4,1,1,1.184751952
NCR3LG1,1,1,1.393128678
PLCL1,1,1,-1.828811992
RAB27A,1,1,-1.299008864
STMN2,1,1,-3.579523833
GUCA2A,2,4,-5.166795728
MS4A12,2,3,-4.930340015
CLCA4,2,2,-7.951849513
TMIGD1,2,1,-6.408679057
ANO2,2,1,-2.48814204
AQP8,2,1,-6.454894143
GUCA2B,2,1,-7.264360973
CDK1,3,137,2.730255452
CCNA2,3,112,1.768148991
CCNB1,3,111,2.251564648
CDC20,3,108,2.078853692
BUB1B,3,104,2.036163427
CENPA,3,104,2.307710478
BUB1,3,102,2.246662825
PLK1,3,99,2.570738915
TOP2A,3,96,2.773894273
KIF11,3,93,1.844348669
CCNB2,3,93,1.894853801
NUF2,3,92,2.961529796
AURKB,3,92,1.794601337
DLGAP5,3,88,2.276511581
BIRC5,3,86,2.057911852
MAD2L1,3,84,2.235830059
CDCA8,3,83,1.810178049
ASPM,3,81,2.581745836
KIF20A,3,81,2.157953754
CENPF,3,80,2.291225375
MELK,3,79,2.416415673
NCAPG,3,78,2.236875746
KIF2C,3,78,2.450376705
HJURP,3,77,2.517427663
TTK,3,76,2.764775495
CEP55,3,76,2.459052037
CENPE,3,75,2.155335058
UBE2C,3,75,3.16030377
NUSAP1,3,75,2.004561095
TPX2,3,74,2.806913925
RRM2,3,74,2.1878196
KIF4A,3,72,2.501892197
AURKA,3,71,2.0068386
ESPL1,3,71,1.63964196
KIF23,3,68,1.463914705
KIF15,3,68,1.630980054
HMMR,3,67,2.294059287
CDCA5,3,65,2.349069508
ZWINT,3,65,1.369307409
CDCA3,3,63,2.229721216
NEK2,3,62,3.057000333
MKI67,3,62,1.967434752
PRC1,3,61,1.584102579
FOXM1,3,60,2.193344555
RACGAP1,3,58,1.371953996
KIF14,3,57,2.951626653
NCAPH,3,54,1.980175202
KIF18A,3,53,2.306081645
SPAG5,3,52,1.516167406
KIFC1,3,51,1.984301773
CDKN3,3,49,1.945488925
CENPN,3,49,1.227228652
SGO1,3,48,1.78229511
ANLN,3,48,2.421619057
PCLAF,3,47,1.412580694
DEPDC1,3,47,2.296651049
PLK4,3,46,1.562632992
SKA1,3,46,1.823329027
TRIP13,3,45,2.391537615
CDCA2,3,45,1.813734012
SMC4,3,45,1.082691008
ECT2,3,45,2.212581516
RAD51AP1,3,44,2.222163731
SPC25,3,41,2.165701244
KNL1,3,39,1.719534536
CENPI,3,39,1.669851775
DTL,3,38,1.907712633
SKA3,3,37,2.105784295
ASF1B,3,36,1.359725922
CKAP2L,3,35,2.619968976
CENPH,3,34,1.649137222
NCAPG2,3,33,1.351026248
SMC2,3,32,1.126759051
SHCBP1,3,32,2.021411672
KIF18B,3,29,2.139752215
TROAP,3,28,2.446842306
KNTC1,3,28,1.540499454
MYBL2,3,27,2.891427138
CKS2,3,27,2.110883119
MND1,3,26,1.683030594
UHRF1,3,26,1.94176403
UBE2T,3,26,1.731857081
ERCC6L,3,25,2.729461733
CKAP2,3,25,2.214717966
SPC24,3,24,1.345028081
DEPDC1B,3,23,2.65144534
GTSE1,3,23,1.86998389
CCNF,3,22,1.603321965
KPNA2,3,22,1.404603001
NCAPD2,3,21,1.183727176
UBE2S,3,18,1.467976185
SGO2,3,17,1.931562099
ARHGAP11A,3,15,1.884154963
FBXO5,3,14,1.767369224
CDC25B,3,14,2.088399891
PKMYT1,3,11,2.111853041
HASPIN,3,11,1.632758662
PIMREG,3,10,1.912031844
STIL,3,10,1.429673828
BORA,3,10,1.647139681
SPDL1,3,9,1.308584179
KNSTRN,3,8,1.164307449
CDC14A,3,8,-1.394832181
PARPBP,3,7,2.37970125
KIF17,3,6,-2.55147165
IQGAP3,3,5,2.475342887
CPEB3,3,4,-1.407222013
CCNO,3,4,4.457767027
DIAPH3,3,4,2.484762915
AJUBA,3,2,2.102712567
CHMP4C,3,2,1.462355922
WDR62,3,2,1.667643981
RCN1,3,1,1.15146453
KCTD9,3,1,-1.434152837
SVIL,3,1,-2.448770129
TDP2,3,1,-1.192450096
PHLDA1,3,1,2.100963721
MTFR2,3,1,2.137806955
PAQR5,3,1,-1.486616058
DDIAS,3,1,2.067475136
ARHGAP11B,3,1,1.752727677
MYC,4,63,1.560274065
FOS,4,22,-2.083678995
AR,4,19,-2.313252718
PGR,4,14,-3.23254248
NR3C1,4,13,-1.684064959
EGR1,4,12,-1.635627975
LEF1,4,12,3.555626563
FKBP5,4,11,-1.450037647
ATF3,4,10,-1.730057888
PBX1,4,10,-1.500133433
EPAS1,4,9,-1.123140649
LGR5,4,9,3.491956272
KLF4,4,9,-2.722606151
FZD10,4,8,3.802424951
DUSP1,4,8,-2.025900074
FOSB,4,8,-2.762170187
JUND,4,8,-1.380268655
AXIN2,4,8,2.227034738
NR3C2,4,8,-2.878654657
CYP24A1,4,7,5.549911839
APC,4,7,-1.10593207
TCF7,4,7,3.012370806
WNT3,4,6,2.48594339
TCF7L1,4,6,-2.481154228
CA2,4,6,-4.776706422
RNF43,4,6,2.839442462
SFRP1,4,5,-3.651126198
SOX4,4,5,2.029078389
MEF2D,4,5,-1.053734744
CTNND2,4,5,-4.494062846
HSD11B2,4,5,-1.769823737
ZBTB16,4,5,-3.840333772
MEF2C,4,5,-2.777320392
TSC22D3,4,5,-1.45414137
WNT5B,4,5,-1.861424017
ZNRF3,4,5,1.32069085
ZFP36,4,5,-1.395421772
SLC9A3,4,4,-2.949783209
JDP2,4,4,-1.098387948
WNT9A,4,4,-3.256955934
RSPO2,4,4,-3.821398407
ARNT2,4,4,-1.593073146
MAPK7,4,4,-1.147737307
WLS,4,4,-1.397107547
LGR6,4,4,2.677986073
CA1,4,4,-6.800185357
CA9,4,4,4.360111624
NOTUM,4,4,5.678293388
SLC4A4,4,4,-4.946570645
CYP27B1,4,3,1.984715093
KLF2,4,3,-1.685387618
SLC7A5,4,3,1.853793271
PKNOX2,4,3,-3.530674638
MXI1,4,3,-1.671690719
MYB,4,3,1.703378141
SLC26A3,4,3,-4.263407431
HIF3A,4,3,-1.710279663
SLC7A1,4,3,1.208836035
NFE2L3,4,2,2.882442605
CA12,4,2,-2.124631765
TGFBR3,4,2,-1.528841202
HOXB8,4,2,2.852493944
SLC7A11,4,2,2.491106134
BTG2,4,2,-1.594884186
CIP2A,4,2,1.827243637
HPGD,4,2,-2.548904752
CA4,4,2,-5.231475887
HOXB2,4,2,-1.741781831
CA7,4,2,-6.562210005
HOXB9,4,2,1.608564085
TRIB3,4,2,3.505777328
TXNIP,4,2,-1.444945939
CHP1,4,2,-1.681173612
SLC9A2,4,1,-2.030471032
PBX4,4,1,1.81634719
SIM2,4,1,6.772588529
PPARGC1B,4,1,-1.727886976
MAB21L2,4,1,-2.967985578
ZMIZ1,4,1,-1.167880803
PMEPA1,4,1,1.63909525
HILPDA,4,1,1.985685756
CITED2,4,1,-2.04498084
VENTX,4,1,2.11520202
DCLK1,4,1,-3.338310469
SLCO2A1,4,1,-2.157395735
NPAS3,4,1,-4.570476974
KLF9,4,1,-2.613025801
PRKACB,5,42,-1.868070606
GNG2,5,35,-1.558491316
CACNA1C,5,31,-2.633418327
GNAI1,5,30,-1.759844857
GNAQ,5,28,-1.305183393
ADCY5,5,24,-3.699359379
PRKCB,5,24,-2.081698719
CALM1,5,24,-1.13160398
ADCY9,5,23,-2.105223375
CAMK2A,5,23,-3.565665895
ITPR1,5,21,-1.555536449
RYR2,5,21,-3.285796247
GCG,5,20,-4.194948703
CAMK2B,5,18,-4.362116606
ADCY6,5,17,-1.137143322
CAV1,5,17,-2.766349815
PPP2CB,5,16,-1.209820922
SST,5,16,-6.299647734
RYR1,5,16,-2.270776093
GNG4,5,16,2.832448162
NOS1,5,15,-6.04879207
PLCB4,5,14,1.598094491
GNG7,5,14,-2.561354117
ANK2,5,13,-4.423818533
GRIN1,5,13,-3.520922534
PRKG1,5,13,-1.371689216
SLC9A1,5,12,-1.774078731
GNAL,5,12,-2.121660388
PLN,5,12,-4.527404217
SCN4B,5,11,-2.123401322
PPP2R2B,5,11,-5.277205557
CACNA1A,5,11,-4.010028756
GNA11,5,10,-1.641978394
CHGA,5,10,-4.362025995
PRKG2,5,10,-4.077184189
PPP2R3A,5,10,-2.08258957
CACNB2,5,10,-2.049929455
CNR1,5,10,-5.038498654
ARRB1,5,10,-1.328471811
EDNRA,5,9,1.583854326
HTR1D,5,9,3.475718936
GNA14,5,9,-1.540655797
GNA13,5,9,-1.139521025
ADGRL3,5,9,-2.495822824
PLCD1,5,9,-1.811800129
GNAO1,5,8,-4.109334684
KCNMA1,5,8,-5.153146205
PYY,5,8,-3.743433046
VIP,5,8,-3.358140207
INPP5A,5,8,-1.084048716
LPAR1,5,8,-1.97343547
STIM1,5,8,-1.091068344
KCNQ1,5,7,1.769233908
CASQ2,5,7,-5.804495872
PTGER4,5,7,-1.592110967
MOCS1,5,7,-1.259530481
PDE4D,5,7,-1.896568867
ATP1A2,5,7,-5.787148223
ADRB1,5,7,-2.287422849
PDX1,5,7,3.990867925
PLCD4,5,7,-2.288367589
CAMK2D,5,7,-1.501567205
BDKRB2,5,7,-1.639488461
KCNA2,5,7,-2.506715151
PDE6A,5,6,-2.916733482
ITPKA,5,6,-1.558716493
GRIN2D,5,6,4.22553684
PRKAR2B,5,6,-2.417399647
DRD5,5,6,-2.662940889
PMCH,5,6,2.573433692
EDN3,5,6,-2.692369424
MAGI2,5,6,-2.507855678
PDE5A,5,6,-2.174572444
RAP1A,5,6,-1.399323843
PLCE1,5,6,-2.184831787
DLG2,5,6,-3.230491157
CACNB1,5,6,-1.957765163
NRXN1,5,6,-5.292303743
SPTBN2,5,6,2.441185925
PLCD3,5,6,-1.83844347
KCNN3,5,6,-2.929367699
KCNN4,5,6,2.388134958
SLC8A1,5,6,-3.557136917
PLEK2,5,5,1.249126401
P2RX1,5,5,-2.144858007
KCNN2,5,5,-3.267541653
DGKG,5,5,-2.851718749
NKD1,5,5,3.416540384
GPD1L,5,5,-1.264202144
SCNN1G,5,5,-2.697460805
TACR1,5,5,-2.537854585
CAMK2G,5,5,-1.199448971
CNTN2,5,5,-4.358881586
VAPA,5,5,-1.117167702
SCNN1B,5,5,-4.427513579
SGK1,5,5,-2.941931864
ITPKB,5,5,-1.519377725
SCN7A,5,5,-4.718139008
RYR3,5,5,-3.806306495
TRPC4,5,5,-2.784391915
ADCYAP1R1,5,5,-6.088306097
NMU,5,4,3.551574344
APBA1,5,4,-1.71085524
NEUROD1,5,4,-2.746634191
LRRC7,5,4,-3.610997049
SPTBN5,5,4,1.447111452
VIPR1,5,4,-1.407140784
PDE2A,5,4,-3.167716392
P2RX4,5,4,-1.368623776
NPY1R,5,4,-2.560498734
FFAR4,5,4,-1.923046233
CHGB,5,4,-3.966371645
HSPA2,5,4,-2.73246985
SPTBN4,5,4,-2.813531306
FXYD1,5,4,-5.147557107
GPER1,5,4,-2.632569247
SCN4A,5,4,-6.174665146
SPTB,5,4,-2.609599407
GNAZ,5,4,-2.13904181
KRT20,5,3,-2.535655995
KCNA5,5,3,-4.902937901
GLP2R,5,3,-4.264132391
PPP1R12C,5,3,-1.105249365
PDE9A,5,3,-2.302307184
SCG2,5,3,-4.74915611
PDE7B,5,3,-2.241299171
KCND3,5,3,-2.415194292
FFAR3,5,3,-3.247922108
ARHGEF25,5,3,-3.309135946
SSTR2,5,3,-2.281585145
LGI1,5,3,-5.442739358
NLGN4X,5,3,-2.929267429
PDE8A,5,3,-1.198270352
JPH4,5,3,-3.288908778
GPSM2,5,3,1.468972794
CPE,5,3,-1.388577245
GTF2IRD1,5,3,2.065770838
JPH2,5,3,-4.568020685
ADGRG1,5,3,1.465398905
ABCC8,5,3,-3.301953891
NLGN1,5,3,-7.452145085
RASD1,5,2,-1.499373729
FLRT1,5,2,-2.923164201
STRIP2,5,2,2.864313342
CNIH3,5,2,2.438844449
OSBPL3,5,2,2.00611327
MAPK15,5,2,2.240709931
DMPK,5,2,-2.323064853
ATP2A3,5,2,-1.776679987
KCNB1,5,2,-6.803732613
AP1S3,5,2,1.2825575
DAPK1,5,2,-1.569922014
SCN9A,5,2,-3.638612496
CHRM4,5,2,-2.187079396
MPP2,5,2,-3.984414242
GPR17,5,2,-3.908740052
PRRT2,5,2,-2.008094685
SLMAP,5,2,-1.189877802
ECE1,5,2,-1.083039951
DPP6,5,2,-7.227860229
MAGI1,5,2,-1.164711914
CARD14,5,2,2.563406703
PROCR,5,1,1.400171622
UNC5CL,5,1,2.330355804
MAST1,5,1,-2.907378471
PKD1,5,1,-1.125070374
SLC1A1,5,1,-1.685695634
RGS9,5,1,-2.685234864
GPAT3,5,1,-2.718902369
SRI,5,1,-1.429306087
MALL,5,1,-1.85226482
KCNA6,5,1,-2.255317452
KCNIP3,5,1,-3.838250333
TRPV3,5,1,-1.861832289
HOMER2,5,1,-4.687113911
CAVIN2,5,1,-3.544975122
FKBP10,5,1,1.632552503
IFITM1,5,1,1.753633613
SGK2,5,1,-1.271039891
NAALADL1,5,1,-2.370265097
PLEKHG4,5,1,1.910369634
SIPA1L2,5,1,-1.279576316
GPR37L1,5,1,-2.06171266
STARD8,5,1,-1.314744076
INSC,5,1,-2.788181251
SYNPO,5,1,-2.308778351
BMX,5,1,-2.909123098
P2RY14,5,1,-2.241226758
CNGA3,5,1,-4.997652337
CDC42BPA,5,1,-1.018010781
PPP1R14A,5,1,-2.828041107
CHP2,5,1,-3.138301678
TESC,5,1,2.825713644
LPP,5,1,-2.131118737
CNTNAP3,5,1,-3.356501079
NKD2,5,1,2.987441573
TACR2,5,1,-5.2992802
ERO1A,5,1,1.146350952
CNKSR2,5,1,-4.998279497
OR2A42,5,1,1.715644442
OR51E2,5,1,-4.046200923
TAS2R46,5,1,3.929907242
GPR52,5,1,2.309899185
CLIC3,5,1,1.5945126
PPM1L,5,1,-1.460651787
MAST2,5,1,-1.276860658
OBSCN,5,1,-1.485825505
FHL1,5,1,-4.262785395
PKIG,5,1,-1.445215205
GKAP1,5,1,-1.52521949
GDPD3,5,1,-1.652593957
AP3B2,5,1,-3.268040936
TENM2,5,1,-2.409312622
FLNC,6,21,-4.491884084
VCL,6,19,-2.71310204
TPM1,6,18,-2.302817718
DMD,6,18,-3.713205752
ACTA1,6,17,-2.537488906
TLN1,6,14,-1.442118606
TNNI3,6,14,4.54616694
VTN,6,13,2.973548195
TLN2,6,13,-1.397431203
TNNT2,6,13,3.223397723
LMNB1,6,12,1.327098304
ITGA2,6,12,2.354863766
TNNT3,6,12,-3.459060924
MYH11,6,11,-5.516053241
CLU,6,10,-2.683790165
MYH2,6,10,-4.102223515
MYH3,6,10,-2.990888208
CKM,6,9,-3.205397284
TNNI2,6,9,2.744684382
LDB3,6,9,-6.806002141
MYH1,6,8,-3.676978601
TTR,6,8,-3.232295945
MYLK,6,8,-3.857644275
GSN,6,8,-2.473380348
CNN1,6,7,-5.10810072
SCIN,6,7,-2.352464962
MB,6,7,-3.261169885
SORBS1,6,7,-4.119064385
ITGA8,6,7,-1.492259041
SGCA,6,6,-4.235448466
SYNM,6,6,-5.12888941
CLCN1,6,6,3.139263325
LMOD1,6,6,-4.486674821
RBM20,6,6,-6.320882648
APOC2,6,6,3.916777889
ACTG2,6,6,-5.716551465
DTNA,6,6,-3.148375413
MYOT,6,5,-3.972587763
TMOD1,6,5,-3.981247816
ORM1,6,5,2.39526628
PLA2G7,6,5,1.715096889
LRP8,6,5,2.540144271
SNTG2,6,5,-3.629798726
SNTB1,6,5,2.019161109
MYOCD,6,5,-4.281275259
SYNE1,6,4,-2.199350669
TF,6,4,-2.537643012
APOC1,6,4,2.24280227
CRYAB,6,4,-3.19297264
PGM5,6,4,-3.907980869
CREB3L3,6,3,-4.124885112
FERMT1,6,3,2.012961138
TNC,6,3,-2.437974314
CAPN2,6,3,-1.25805716
CKB,6,3,-1.853292679
SORBS2,6,3,-3.497775852
ASB9,6,3,1.891043268
PLA2G4E,6,3,4.245316751
TNXB,6,3,-4.081154905
CKMT2,6,3,3.29196963
SMTN,6,3,-2.384729191
SPART,6,3,-1.785163986
TMPO,6,2,1.313681644
STAC,6,2,-3.163658034
TENM1,6,2,-3.468282666
FBLIM1,6,2,-1.394008463
SUN2,6,2,-1.17565194
RELN,6,2,-2.640931873
TREM2,6,2,2.348645704
SPAG4,6,2,1.529804177
EYA4,6,2,-2.902104081
SLC6A8,6,1,-1.55703966
PDCD4,6,1,-1.65484507
PLS3,6,1,1.126218655
TCF21,6,1,-2.418782629
CNN2,6,1,1.132334135
LIMA1,6,1,-1.328371826
TNS2,6,1,-1.913691139
MMRN1,6,1,-2.890679403
STRA6,6,1,4.420439874
AZGP1,6,1,3.088189865
ANO5,6,1,-3.492806941
PAFAH1B3,6,1,1.528490495
KY,6,1,-4.320662747
PALLD,6,1,-2.677082518
PNPLA7,6,1,-1.877158868
IL1B,7,53,2.145074979
CXCL8,7,36,3.504749254
CD44,7,36,1.482534645
IL1A,7,31,5.615830605
BCL2,7,31,-1.590440105
MMP9,7,29,2.316968591
FGF2,7,28,-2.376299919
CXCL10,7,25,2.463229669
CXCL12,7,25,-2.378401968
KIT,7,24,-1.57471626
ABL1,7,21,-1.14069153
CXCL1,7,21,3.062670999
MET,7,20,1.939425581
AGT,7,20,1.558063841
CXCL9,7,18,2.084294683
NCAM1,7,18,-3.842575965
MMP1,7,17,6.064486072
ACAN,7,17,2.400942087
FGFR2,7,17,-2.601869965
KITLG,7,17,-1.592080518
CD80,7,16,3.051485656
CXCL5,7,16,4.850697432
SHH,7,16,2.74100999
CCL11,7,16,-1.969146717
CCL20,7,16,2.639175948
FGFR1,7,16,-3.394263329
GZMB,7,15,2.032281884
MMP3,7,15,4.681982722
CSF1,7,15,-1.279576094
CCL3,7,15,1.849548119
CCL22,7,14,1.619195773
LIF,7,14,1.486288736
FOXP3,7,14,2.548248257
FGF9,7,14,-1.723249823
CCL13,7,13,-1.768888723
NTRK2,7,13,-3.013557953
CXCL11,7,13,3.639728714
FCGR3A,7,13,1.313006243
IL6R,7,13,-2.165669575
TEK,7,13,-1.409624317
PLAU,7,12,2.414419882
BMP2,7,12,-2.135544364
CXCL6,7,11,3.291540408
IL11,7,11,3.936287198
A2M,7,11,-1.370935157
ACKR2,7,11,-3.258566803
CTLA4,7,11,2.089372044
PGF,7,11,1.627696413
SOX9,7,10,2.616562704
SHC4,7,10,-3.8791806
MMP7,7,9,6.917609315
EFNA5,7,9,-2.417732882
EFNA3,7,9,2.340982154
TNFSF11,7,9,2.191539492
VEGFD,7,8,-3.185387653
ZEB1,7,8,-2.28937165
TNFRSF9,7,8,2.060623408
IL11RA,7,8,-1.680664268
BMP7,7,8,1.775830813
EREG,7,7,2.410362469
MMP13,7,7,5.219968865
TNFRSF8,7,7,2.94483702
ANPEP,7,7,-3.436382728
ICOS,7,7,1.99467595
TNFRSF4,7,7,2.059540654
MMP11,7,6,3.971343857
IL1RN,7,6,1.724638556
TRAF5,7,6,1.390476249
GAB1,7,6,-1.150558841
TLR3,7,6,-1.738899799
BSG,7,6,-1.084892016
PDGFA,7,6,-1.253296741
CASP7,7,6,-2.007361155
CNTFR,7,6,-4.324112115
IL6ST,7,6,-1.194644349
ALK,7,6,-3.373775636
PTPRZ1,7,6,-6.586245129
TIA1,7,6,1.111012245
LIFR,7,6,-3.177446096
KLB,7,5,-2.491955226
SMAD7,7,5,-1.088957343
COL10A1,7,5,2.682355282
ACKR1,7,5,-3.959194327
RETN,7,4,3.328768097
LYVE1,7,4,-3.894110653
MMP10,7,4,4.476957306
SLC25A4,7,4,-1.739179311
IL1R2,7,4,-2.183643805
UGP2,7,4,-1.751759966
PSMA7,7,4,1.105213707
CFB,7,4,2.056765498
MSX2,7,3,3.648843399
CMA1,7,3,-2.843331525
MNX1,7,3,1.541858354
IRAK2,7,3,1.562489252
C6,7,3,-4.127005645
EPHA1,7,3,1.473934071
CD46,7,3,1.287732701
GREM2,7,3,-4.474820714
LMBR1,7,3,1.099685672
EPHB3,7,3,2.373424409
PTN,7,3,-3.494197887
NTRK3,7,3,-3.455119406
EPHA7,7,3,-5.169353193
MPL,7,3,-2.408225956
UBD,7,3,2.944708334
NFIB,7,3,-1.110268745
TWIST2,7,3,-3.018816762
UCHL3,7,3,1.265872488
CCL14,7,3,-2.73644126
SOX5,7,3,-2.063214949
MMP12,7,3,2.66926922
EPHB2,7,3,1.484887411
MADCAM1,7,2,-2.793500268
CTSG,7,2,-2.931419103
CTSH,7,2,1.750352579
RIPK2,7,2,1.53738923
GALK1,7,2,1.190302377
FOXF1,7,2,-2.66350223
MASP1,7,2,-4.42605477
C2,7,2,2.417769716
SCUBE2,7,2,-2.638272964
MPDZ,7,2,-3.009316956
TNFRSF12A,7,2,2.125158934
TPSAB1,7,2,-1.910452028
NRG2,7,2,-5.873658046
NFIA,7,2,-1.113794762
PLXNB3,7,2,-3.146095127
CD209,7,2,-1.519756769
COL11A1,7,2,5.109352675
DENND2B,7,2,-1.482761391
CFD,7,2,-2.711869406
SRPX2,7,2,1.751964198
BTC,7,2,-1.65265538
TNFRSF11A,7,2,-1.2480484
ACVRL1,7,2,-1.364069297
AIM2,7,2,2.534494794
IL1RL2,7,2,2.352023479
FGFRL1,7,2,1.47797471
ZEB2,7,2,-1.497370354
TGFBI,7,2,2.287230577
PRG4,7,2,-3.996761024
CEACAM1,7,1,-1.767849402
JOSD1,7,1,-1.196489527
HLF,7,1,-3.577379845
ANGPTL1,7,1,-2.844056274
BCL2L2,7,1,-1.363163505
EDAR,7,1,3.262304477
USP2,7,1,-4.063105285
MYOM2,7,1,-2.255759527
DISP2,7,1,-2.324425648
FCN3,7,1,3.830045372
ADAMTS1,7,1,-2.682058548
SOSTDC1,7,1,-2.300876997
AGTRAP,7,1,1.127810813
HHLA2,7,1,-2.096751578
CD160,7,1,-2.929312316
TGIF2,7,1,1.677449283
OGN,7,1,-2.967880522
NKX2-3,7,1,-3.594012555
CSTA,7,1,2.807319386
ITLN1,7,1,-3.452278223
CCL4L2,7,1,1.995529047
GDPD5,7,1,1.695192259
FOXF2,7,1,-3.409798933
C8G,7,1,-3.447464067
ATOH1,7,1,-2.107210264
MST1,7,1,1.532557366
MACC1,7,1,2.696737565
BMP5,7,1,-2.64238478
KCNV2,7,1,3.570577047
RNF32,7,1,1.594470784
SLC16A7,7,1,-2.478805247
TPSB2,7,1,-1.928280959
CCL23,7,1,-2.212657152
SLC4A11,7,1,3.89770175
NOX1,7,1,1.766080224
FOXP2,7,1,-3.115044108
NFIC,7,1,-1.517460838
CNTN1,7,1,-5.409870501
SAMD4A,7,1,-2.474998843
SEMA3B,7,1,-1.436586112
SDHA,8,13,-1.109679391
ACOX1,8,13,-1.371133173
ACAA2,8,12,-1.697335022
HSPD1,8,12,1.548706322
ACADS,8,10,-1.882910769
CCT6A,8,10,1.057609406
CCT2,8,10,1.09153452
ACAA1,8,10,-1.216266251
RAN,8,10,1.066756093
CPT2,8,9,-1.319750528
RAE1,8,9,1.516502264
ACO2,8,8,-1.348862704
CPT1A,8,8,-1.332344705
ACAT1,8,8,-1.455775805
ECI2,8,8,-1.598627738
ACADVL,8,8,-1.231207389
HSPB8,8,7,-5.949522401
GPT,8,7,-2.345640243
TG,8,6,3.817151497
SLC25A20,8,6,-1.371032239
TUBAL3,8,6,-2.387037868
SNRPB,8,6,1.270565775
HSPE1,8,5,1.334413188
FABP1,8,5,-2.303461775
SNRPE,8,5,1.300571051
ETFDH,8,5,-1.913668733
PAPSS2,8,5,-1.618352556
HSPH1,8,5,1.714725207
HMGCS2,8,5,-1.539442156
LSM8,8,4,1.06980078
CSE1L,8,4,1.490349236
MAGOHB,8,4,1.121019005
XPOT,8,4,1.391816618
TST,8,4,-1.646478932
ACACB,8,4,-2.066171886
ACSL6,8,4,4.592961519
EEF1A2,8,3,-2.27688567
DDX39A,8,3,1.045568071
IPO5,8,3,1.140814184
AFG3L2,8,3,-1.094361748
ASGR1,8,3,3.129911669
SLC26A2,8,3,-3.377199538
CARTPT,8,3,-6.657594519
PPIH,8,3,1.15951777
FUT1,8,3,2.17518018
CYBRD1,8,3,-1.880749057
GPT2,8,3,1.307707401
PPA1,8,3,1.290380515
SLC11A2,8,3,1.413750036
ROBO3,8,3,-1.982325817
ST3GAL4,8,3,-2.010321921
PCID2,8,3,1.295023357
TFR2,8,3,2.372256148
NTN1,8,2,-3.548768089
MOCS3,8,2,1.146533084
NXT1,8,2,1.365730082
ETHE1,8,2,-1.503941841
RILP,8,2,-1.62211667
SYNPO2,8,2,-5.339213031
SULT1B1,8,2,-2.131352085
CRAT,8,2,-1.402900027
DYNC1I1,8,2,-2.739559365
OSBPL1A,8,2,-1.851537712
TPO,8,2,-3.469478618
NUP58,8,2,1.245904835
B3GALT1,8,2,-4.245852421
QPRT,8,2,1.511213291
MATN3,8,2,4.48411257
UNC5C,8,2,-2.013315931
FECH,8,2,-1.469387243
TACSTD2,8,2,4.52210703
TDO2,8,2,3.004147261
SUGCT,8,2,-1.764689827
FBXW4,8,2,-1.203221126
HSPB7,8,2,-4.180934052
PAH,8,2,5.876086919
SMIM24,8,1,1.57221848
SALL4,8,1,6.725396896
SLC13A3,8,1,5.194869488
MPLKIP,8,1,1.087064541
OLR1,8,1,3.215415329
HSPA6,8,1,1.654552789
CLEC10A,8,1,-1.875804016
PACC1,8,1,1.928913294
CHST5,8,1,-3.092262338
GCNT2,8,1,-3.31768921
MIER1,8,1,-1.095613893
NIFK,9,30,1.248389324
MRTO4,9,30,1.011163688
NOP56,9,30,1.107879359
BOP1,9,30,1.159669092
RPF2,9,29,1.138528552
WDR12,9,28,1.253914963
NOP58,9,27,1.488671575
WDR3,9,27,1.139735094
BRIX1,9,26,1.162392026
WDR43,9,26,1.098314884
DCAF13,9,25,1.565587491
WDR75,9,25,1.172769708
POLR1B,9,25,1.251605307
PUM3,9,24,1.122691107
GNL3,9,23,1.193481145
NPM1,9,22,1.070804967
DKC1,9,22,1.555436915
RPS7,9,22,1.257356228
HEATR1,9,21,1.054562083
DDX27,9,21,1.177360172
UTP14A,9,20,1.420029822
UTP15,9,19,1.019426904
RPS19,9,19,1.111889485
DDX10,9,18,1.028866071
DDX21,9,16,1.135782847
POLR1C,9,15,1.054520833
DDX31,9,12,1.290444243
UTP25,9,12,1.223896184
PAK1IP1,9,11,1.093029374
ATP5F1A,9,11,-1.29007744
EXOSC5,9,10,1.347509731
POLR1D,9,10,1.159640517
FTSJ1,9,10,1.00313503
RPS21,9,10,1.356382971
RPL22L1,9,10,1.595060775
PUS7,9,10,1.503448351
WDR17,9,9,-2.579336814
P2RY1,9,9,-1.943498496
AFF1,9,8,-1.268814277
SELENOP,9,8,-2.332860369
HBA2,9,7,-2.385819372
METTL1,9,7,1.521660017
HBA1,9,7,-2.433465054
TTF2,9,7,1.190124636
RPL36A,9,7,1.256596664
PUS1,9,6,1.323252657
NUFIP1,9,6,1.321597777
RPL36A-HNRNPH2,9,6,1.164797187
MYO1C,9,5,-1.203593775
CYB5R3,9,4,-1.258422168
EIF2S2,9,4,1.078988829
ZC3H8,9,4,1.339946131
HBB,9,4,-2.045277381
HBD,9,4,-1.925932492
NELFCD,9,4,1.514922261
MICALL1,9,3,-1.138870832
PACSIN2,9,3,-1.577156449
TCEA3,9,3,-1.712586348
DIS3,9,3,1.096578549
HEXIM1,9,2,-1.309285603
PHF6,9,2,1.135191298
TENT5C,9,2,-1.391293412
XRN2,9,2,1.063460272
SLC38A5,9,2,1.701070155
CLIC5,9,1,-2.157360207
CCDC86,9,1,1.192344538
ATP6V1C2,9,1,1.666153301
CLEC3B,9,1,-3.774661683
PUS7L,9,1,1.463433909
RPP40,9,1,1.394223467
TAF1D,9,1,1.513236259
NACAD,9,1,-4.204334622
RAB15,9,1,1.117574752
FNBP1,9,1,-1.926633767
CMSS1,9,1,1.466992416
SETBP1,9,1,-2.950920437
SRPK1,9,1,1.075380565
DNASE1L2,9,1,1.910633582
AFF3,9,1,-3.307128996
SLC38A3,9,1,2.763175805
ATIC,10,13,1.207631301
SHMT2,10,12,1.770629752
MGLL,10,10,-1.726839472
GLDC,10,10,2.04291302
LIPC,10,9,-2.173104296
PPAT,10,8,1.524346247
PLPP3,10,8,-1.235027433
LIPG,10,7,1.628424554
ENTPD3,10,7,-2.35888408
AK1,10,6,-1.347846554
BHMT2,10,6,-2.181809963
ENTPD5,10,6,-2.01611253
PSAT1,10,6,2.234127763
PLPP4,10,6,2.973258787
IMPDH1,10,6,1.220708646
MTHFD2,10,6,1.261722071
DSG3,10,5,4.867050692
ALDH4A1,10,5,1.313645099
CEL,10,5,4.160597788
PAICS,10,5,1.293638559
MAT1A,10,5,3.320680206
EVPL,10,5,1.469250235
MOGAT2,10,4,-1.595813132
AHCY,10,4,1.464050164
NME1,10,4,1.4192344
DSC3,10,4,3.750064049
ANGPTL3,10,4,2.566121654
GNE,10,4,-1.998956083
PCSK5,10,4,-2.820852601
GPIHBP1,10,4,-3.152208461
PSPH,10,4,1.324922303
PRPH2,10,3,-3.130037713
KRT6B,10,3,3.431520586
PKP1,10,3,4.781360812
PCSK9,10,3,3.194090735
DST,10,3,-1.587161582
AHCYL2,10,3,-2.407675798
SMPD1,10,3,-1.359903676
FBLN2,10,3,-2.960374938
CYP21A2,10,3,-3.655330754
PYCR1,10,3,1.820766359
SULT2B1,10,2,4.063269673
TCN2,10,2,-1.653698957
DAO,10,2,-3.923780659
GPLD1,10,2,-1.829689749
CBLIF,10,2,3.870803986
ASPA,10,2,-2.57045207
NAAA,10,2,-1.756335826
NANP,10,2,1.438998767
EFEMP2,10,2,-1.841904245
MFAP4,10,2,-2.460185302
AMN,10,2,-1.652735075
ELOVL4,10,2,-3.074046925
FAAH2,10,2,1.649812019
GPR143,10,2,3.743445265
ABHD5,10,2,-1.105946892
GBA2,10,2,-1.067277559
IFFO1,10,2,-1.487809061
LGALS2,10,1,-2.140779803
TREH,10,1,-1.981188158
TENT5A,10,1,-1.616509824
JAG2,10,1,1.710575282
PNPLA1,10,1,2.862098463
SP6,10,1,2.629178149
PLPP1,10,1,-2.13060667
GGH,10,1,2.291235099
KRT17,10,1,3.77900651
TCN1,10,1,6.516986175
RIMKLA,10,1,-1.266920005
PSRC1,10,1,1.684319901
PGGHG,10,1,1.586390577
CDC45,11,93,2.068778789
EXO1,11,85,1.971206103
CHEK1,11,75,1.700711503
CDC6,11,67,2.060243351
MCM10,11,67,2.373571375
MCM4,11,63,1.34961004
MCM2,11,55,1.440960991
CDK2,11,55,1.112080128
CDT1,11,53,1.678129141
MCM7,11,53,1.245813532
RFC4,11,44,1.405237852
BRCA2,11,41,2.352107652
CDK4,11,36,1.272442446
E2F1,11,36,1.566667914
CDKN1A,11,33,-1.480544932
PCNA,11,31,1.370699797
POLA1,11,30,1.193085351
RFC3,11,30,2.137088291
FANCI,11,29,1.562286323
CLSPN,11,29,1.411446561
CDC7,11,29,1.664562698
ORC1,11,28,1.955105513
FANCD2,11,25,1.44409231
ATR,11,24,1.010340089
RB1,11,23,1.037619309
ESCO2,11,23,1.575138618
TIMELESS,11,23,1.325549888
RECQL4,11,23,1.660297902
BLM,11,22,2.006351586
GINS2,11,21,1.750841398
ATAD5,11,20,1.870907054
GINS1,11,19,2.211291256
DBF4,11,19,1.655258257
SKP2,11,19,1.052900399
CHTF18,11,17,1.530781999
LIG1,11,16,1.242303952
TICRR,11,16,2.134928766
GINS3,11,16,1.499079337
RAD54L,11,15,1.68027584
ORC6,11,14,2.717127374
PRKDC,11,13,1.023890304
DSCC1,11,13,1.948362091
RNASEH2A,11,12,1.389721298
E2F5,11,12,1.560360705
BRIP1,11,11,1.49501404
E2F3,11,11,1.190027211
MCMDC2,11,10,3.954305492
HELLS,11,9,1.839256591
XRCC4,11,9,1.604478861
CHAF1B,11,8,1.45864496
RBL1,11,8,1.369395785
CDKN2B,11,6,-3.084324192
XRCC2,11,6,2.92573058
RAD54B,11,5,2.188143847
FANCB,11,5,2.000200201
POLQ,11,4,2.219707117
TOP1MT,11,4,1.698911126
RTEL1,11,4,1.269662185
RPA4,11,4,1.919971886
MMS22L,11,3,1.25990651
E2F7,11,3,2.538910546
TRAIP,11,3,1.810431945
TP73,11,3,3.607363087
MC1R,11,3,1.837082639
PER3,11,3,-1.945108107
MTBP,11,2,1.642552753
CDCA7,11,2,2.364448019
PER1,11,2,-1.864954587
TFAP4,11,1,1.318735309
NTHL1,11,1,1.150421895
TEF,11,1,-1.800234915
TTI1,11,1,1.12967424
SH2D2A,11,1,1.464686844
H3C12,12,66,2.279247873
H4C11,12,45,1.703945653
H4C9,12,45,1.505937841
H4C15,12,44,1.696482728
H4C14,12,44,1.714558791
H4C12,12,44,1.699462833
EZH2,12,42,1.766442123
H2AC18,12,40,1.297470994
H2AX,12,39,1.117944534
H2AC8,12,34,1.374463373
H2BC7,12,33,1.694764548
H2BC10,12,33,1.813707422
H2BC8,12,32,1.578256807
H2BC6,12,32,1.444884785
H2AC13,12,31,1.849826124
H3C2,12,31,1.600868518
H2BC14,12,30,1.63716248
H2BC17,12,29,2.232521583
H2AC17,12,28,2.104802077
H3C7,12,28,1.624722985
H2BC11,12,27,1.784286406
H3C11,12,27,1.742059328
H3C8,12,27,1.957183723
H2BC9,12,26,1.59458537
H2AC14,12,25,1.849539353
H2BC15,12,25,1.552314779
CENPW,12,24,2.073071088
CENPK,12,24,1.803728059
H2AC11,12,23,1.691321611
ACTL6A,12,23,1.067226869
H2AC15,12,23,1.408345652
H2AC16,12,22,1.94686199
KAT2B,12,21,-1.157254359
H2AC12,12,19,1.694810727
H2AC19,12,18,1.215141752
H1-5,12,16,1.752718942
ATAD2,12,15,1.705541772
H2BC13,12,15,1.579287084
CBX7,12,14,-1.987284087
CBX3,12,14,1.379734249
HDAC9,12,14,-1.925927068
ACTR5,12,13,1.214459159
CBX2,12,13,2.939983853
KAT2A,12,12,1.211860095
CBX8,12,10,1.488571899
YEATS4,12,9,1.268716419
CBX4,12,9,1.248096866
GTF2F2,12,9,1.214067177
POC1A,12,2,1.316335609
FLII,12,2,-1.009347144
SUV39H2,12,2,1.382203497
MRGBP,12,2,1.552517161
DPF3,12,2,-2.33351824
DAB2IP,12,1,-1.169300789
ASXL3,12,1,-2.836539911
JAZF1,12,1,-1.662465582
EPOP,12,1,3.510197977
LRRFIP2,12,1,-1.042607488
PADI2,12,1,-3.274020854
POFUT1,13,2,1.116264429
LFNG,13,1,1.257689744
PLAGL2,13,1,1.425008482
CDH23,14,4,-2.285361785
CDHR5,14,2,-1.835887797
TMPRSS3,14,1,2.560820346
CDHR3,14,1,-2.475433097
PDZD7,14,1,1.942032093
CDHR2,14,1,-2.295955038
DUSP3,15,1,-1.218957564
PTPRR,15,1,-2.299872753
MEP1A,16,1,-1.439161638
MEP1B,16,1,-3.820112557
ZBTB47,17,1,-2.422464533
CBFA2T3,17,1,-1.674711707
RPN2,18,1,1.099066603
DOLPP1,18,1,-1.149181788
NUDCD1,19,1,1.744129916
SSC4D,19,1,1.501703156
MT1E,20,6,-2.597003353
MT1H,20,6,-3.311500992
MT1F,20,6,-2.023934715
MT1G,20,6,-2.685677812
MT1X,20,6,-2.30601557
MT2A,20,5,-2.12594583
MT1M,20,5,-3.969825946
PRMT3,21,2,1.223420686
PDCD2L,21,1,1.395083056
EPB41L3,21,1,-2.329450986
RET,22,10,-2.292178443
CLDN1,22,7,4.568622517
CLDN5,22,7,-2.20721857
GFRA1,22,6,-3.360834283
GJB1,22,6,1.369312931
SOX10,22,6,-4.502823299
CLDN23,22,5,-2.450763348
PRX,22,4,-1.952720343
CLDN9,22,4,4.833226726
CLDN2,22,3,6.675788417
GJB4,22,3,4.359260273
CLDN8,22,3,-4.249684289
GJA5,22,3,-1.828064587
TMEM127,22,2,-1.074266281
KCNQ4,22,2,-2.307186603
GFRA3,22,2,-3.796453274
GFRA2,22,2,-3.003741738
GJB3,22,2,1.944533343
PLP1,22,2,-8.165474111
GDF15,22,1,2.058967143
BCAS1,22,1,-3.062213654
AHNAK,22,1,-2.24516358
SH3TC2,22,1,3.282361222
ADGRB3,23,2,-4.186190686
C1QL1,23,1,-2.271205042
GRM8,23,1,3.107116248
ACTR3B,24,1,1.172877823
TPPP,24,1,-1.806647002
UNC79,25,1,-3.540113376
C2CD4A,25,1,4.019581211
SYNJ2BP,26,1,-1.044660826
PEX26,26,1,-1.73166053
NAA25,27,1,1.093179146
NAA20,27,1,1.205515024
SLC30A4,28,3,-1.373792247
SLC39A10,28,1,1.877481378
SLC28A2,28,1,-2.989114576
SLC39A4,28,1,1.228046535
CDH19,29,1,-3.492180281
CDH3,29,1,5.462306161
CHD5,30,1,-2.942983251
ZNF219,30,1,-1.668934381
CELSR1,31,2,2.036589381
PTK7,31,1,2.371097316
PRICKLE2,31,1,-2.031274898
GTF3C3,32,1,1.007946217
GTF3A,32,1,1.769797339
DUS4L,33,1,1.622019976
GPR22,33,1,3.552394979
DOCK3,34,1,-3.654492445
SLC9A9,34,1,-1.644275763
MPI,35,2,-1.351149915
PMM2,35,1,1.083372718
GNPDA1,35,1,1.277143485
RTKN,36,1,1.459436087
RHPN1,36,1,2.064657006
ABCA6,37,1,-2.041129406
ABCA9,37,1,-2.795510715
CHCHD6,38,1,1.180039636
CHCHD10,38,1,-1.567457235
MYORG,39,1,-1.443827279
SLC20A2,39,1,-1.174710969
CCDC136,40,1,-2.418082292
MEGF10,40,1,-2.623650223
PSCA,41,2,-3.624540329
MSLN,41,2,2.738799166
LY6E,41,1,1.400953787
FOLR1,41,1,4.607392945
CST1,42,1,9.732806052
CST2,42,1,6.205465058
RPGRIP1L,43,2,1.514761886
IQCB1,43,1,1.124683946
CC2D2A,43,1,-1.489209116
GLTP,44,1,-1.308453992
CPTP,44,1,-1.276498848
DDX60,45,2,-1.68265938
EPSTI1,45,1,1.717415196
SAMD9,45,1,-1.535063138
SULT1C2,46,1,2.663861394
SULT1A2,46,1,-3.279814495
OTOP2,47,1,-8.60199896
BEST4,47,1,-6.212774068
EYA2,48,1,-3.005324547
DACH1,48,1,2.238605581
LARGE1,49,1,-1.630770717
LARGE2,49,1,4.357491248
ELAVL4,50,1,-4.880156894
NOVA1,50,1,-3.254535618
PAK3,51,1,-2.667214362
RHOU,51,1,-1.758746629
ULBP3,52,1,2.315296666
ULBP2,52,1,4.269726444
SPRR2D,53,1,4.43905553
SPRR2A,53,1,3.949108245
FAM72B,54,1,4.55033771
FAM72C,54,1,3.254362179
OVGP1,55,1,1.891691318
ZP3,55,1,1.615148181
LY6G6C,56,1,2.968095306
LY6G6D,56,1,5.613789599
NBPF4,57,1,2.98074955
NBPF6,57,1,2.930452649
FXYD5,58,1,2.232998769
FXYD6-FXYD2,58,1,-2.661706091
